0,0,0,0,0,0,0,0,,0,"Tue, 17 May 2016 09:00:00 +0900",0,0,7,69,3,0,0,0,0,0,0,0,0,0,0,0,0,0,0,0,0,0,0,0,0,0,0,0,0,0,0,0,0,0,0,0,0,5,0,0,14,14,14,0
4,0,0,0,0,0,0,0,,0,"Tue, 17 May 2016 09:01:00 +0900",0,0,11.78571,84.64285,3,0,0,0,0,0,0,0,0,0,0,0,0,0,0,0,0,0,0,0,0,0,0,0,0,0,0,0,0,0,0,0,0,5,0,0,14,14,20,0
10,1925,6890,156,20,113,147,43,,0,"Tue, 17 May 2016 09:02:00 +0900",1.2,8.4,3.6,21.6,0,2,0,0,9.599999,28.8,0,0,0,0,0,0,0,0,0,0,0,0,0,0,0,0,0,0,0,0,0,0,0,0,0,0,0,5,0,0,25,25,25,1
8,1586,7340,158,22,92,167,40,,0,"Tue, 17 May 2016 09:03:00 +0900",1.153846,3.461539,3.461539,21.92308,0,2,0,0,11.53846,36.92308,0,0,0,0,0,0,0,0,0,0,0,0,0,0,0,0,0,0,0,0,0,0,0,0,0,0,0,5,0,0,25,25,25,2
2,2668,7650,153,6,92,127,33,,0,"Tue, 17 May 2016 09:04:00 +0900",0,3.103448,2.068965,19.65517,0,1,0,0,2.068965,20.68966,0,0,0,0,0,0,0,0,0,0,0,0,0,0,0,0,0,0,0,0,0,0,0,0,0,0,0,5,0,0,25,25,25,1
0,1880,7010,163,51,87,128,40,,0,"Tue, 17 May 2016 09:05:00 +0900",0,2,4,17,0,2,0,0,12,31,0,0,0,0,0,0,0,0,0,0,0,0,0,0,0,0,0,0,0,0,0,0,0,0,0,0,0,5,0,0,25,25,25,2
0,1890,5880,159,44,83,128,40,,0,"Tue, 17 May 2016 09:06:00 +0900",0,1,1,17,0,3,0,0,15,31,0,0,0,0,0,0,0,0,0,0,0,0,0,0,0,0,0,0,0,0,0,0,0,0,0,0,0,5,0,0,25,25,25,2
4,1941.333,6600,152,5,84,110,49,,0,"Tue, 17 May 2016 09:07:00 +0900",1.071429,4.285715,2.142857,13.92857,0,2,0,0,6.428572,27.85714,0,0,0,0,0,0,0,0,0,0,0,0,0,0,0,0,0,0,0,0,0,0,0,0,0,0,0,5,0,0,25,25,25,1
0,1400,5170,153,11,94,164,62,,0,"Tue, 17 May 2016 09:08:00 +0900",0,3,0,18,0,2,0,0,18,41,0,0,0,0,0,0,0,0,0,0,0,0,0,0,0,0,0,0,0,0,0,0,0,0,0,0,0,5,0,0,25,25,25,1
15,1852.5,1852.5,156,27,86,125,34,,0,"Tue, 17 May 2016 09:09:00 +0900",0,6.666667,4,16,0,1,0,0,8,32,0,0,0,0,0,0,0,0,0,0,0,0,0,0,0,0,0,0,0,0,0,0,0,0,226,0,0,4,0,0,12,25,1,0
2,1314.667,3750,160,36,87,117,47,,0,"Tue, 17 May 2016 09:10:00 +0900",0,3.103448,2.068965,13.44828,0,1,0,0,16.55172,44.48276,0,0,0,0,0,0,0,0,0,0,0,0,0,0,0,0,0,0,0,0,0,0,0,0,225,0,0,4,0,0,25,25,25,0
6,1881,9960,154,14,98,131,56,,0,"Tue, 17 May 2016 09:11:00 +0900",0,5.555555,3.333333,12.22222,0,2,0,0,5.555555,31.11111,0,0,0,0,0,0,0,0,0,0,0,0,0,0,0,0,0,0,0,0,0,0,0,0,224,0,0,4,0,0,25,25,12,0
0,1550,12110,162,47,97,197,43,,0,"Tue, 17 May 2016 09:12:00 +0900",1,0,0,16,0,2,0,0,18,39,0,0,0,0,0,0,0,0,0,0,0,0,0,0,0,0,0,0,0,0,0,0,0,0,223,0,0,4,0,0,8,25,25,1
3,1976,16610,161,38,88,129,37,,0,"Tue, 17 May 2016 09:13:00 +0900",0,5.263158,2.105263,4.210526,0,3,0,0,11.57895,24.21053,0,0,0,0,0,0,0,0,0,0,0,0,0,0,0,0,0,0,0,0,0,0,0,0,222,0,0,4,0,0,25,7,12,1
1,1268.5,8360,172,55,95,156,47,,0,"Tue, 17 May 2016 09:14:00 +0900",0,11.18644,1.016949,13.22034,0,2,0,0,21.35593,38.64407,0,0,0,0,0,0,0,0,0,0,0,0,0,0,0,0,0,0,0,0,0,0,0,0,221,0,0,4,0,0,25,25,25,2
0,1930,13320,158,35,84,115,50,,0,"Tue, 17 May 2016 09:15:00 +0900",0,7,2,13,0,2,0,0,10,27,0,0,0,0,0,0,0,0,0,0,0,0,0,0,0,0,0,0,0,0,0,0,0,0,220,0,0,4,0,0,25,25,7,2
3,3505.5,9010,148,6,70,108,41,,0,"Tue, 17 May 2016 09:16:00 +0900",0,4.210526,1.052632,34.73684,0,2,0,0,3.157895,16.84211,0,0,0,0,0,0,0,0,0,0,0,0,0,0,0,0,0,0,0,0,0,0,0,0,219,0,0,4,0,0,25,25,25,1
0,2710,8900,155,17,82,134,48,,0,"Tue, 17 May 2016 09:17:00 +0900",0,12,0,26,0,3,0,0,5,21,0,0,0,0,0,0,0,0,0,0,0,0,0,0,0,0,0,0,0,0,0,0,0,0,218,0,0,4,0,0,25,25,25,1
0,2360,10210,151,10,83,118,49,,0,"Tue, 17 May 2016 09:18:00 +0900",0,8,3,17,0,2,0,0,5,25,0,0,0,0,0,0,0,0,0,0,0,0,0,0,0,0,0,0,0,0,0,0,0,0,217,0,0,4,0,0,25,25,25,1
0,2210,4850,176,61,79,139,48,,0,"Tue, 17 May 2016 09:19:00 +0900",0,7,1,17,0,1,0,0,5,26,0,0,0,0,0,0,0,0,0,0,0,0,0,0,0,0,0,0,0,0,0,0,0,0,216,0,0,4,0,0,25,25,25,1
4,2118.667,10570,172,47,76,122,47,,0,"Tue, 17 May 2016 09:20:00 +0900",2.142857,10.71429,1.071429,21.42857,0,2,0,0,4.285715,26.78571,0,0,0,0,0,0,0,0,0,0,0,0,0,0,0,0,0,0,0,0,0,0,0,0,215,0,0,4,0,0,12,25,0,1
1,4051.333,12330,152,15,80,114,36,,0,"Tue, 17 May 2016 09:21:00 +0900",1.016949,12.20339,3.050847,20.33898,0,2,0,0,3.050847,15.25424,0,0,0,0,0,0,0,0,0,0,0,0,0,0,0,0,0,0,0,0,0,0,0,0,214,0,0,4,0,0,25,25,25,2
15,1245,1245,165,43,90,147,56,,0,"Tue, 17 May 2016 09:22:00 +0900",1.333333,9.333334,4,16,0,1,0,0,14.66667,32,0,0,0,0,0,0,0,0,0,0,0,0,0,0,0,0,0,0,0,0,0,0,0,0,213,0,0,4,0,0,25,25,25,2
2,1904.333,4760,162,37,89,153,51,,0,"Tue, 17 May 2016 09:23:00 +0900",1.034483,3.103448,0,12.41379,0,1,0,0,4.137931,28.96552,0,0,0,0,0,0,0,0,0,0,0,0,0,0,0,0,0,0,0,0,0,0,0,0,212,0,0,4,0,0,1,25,25,1
9,3867.5,18390,180,54,81,107,53,,0,"Tue, 17 May 2016 09:24:00 +0900",1.176471,11.76471,10.58824,27.05882,0,3,0,0,1.176471,12.94118,0,0,0,0,0,0,0,0,0,0,0,0,0,0,0,0,0,0,0,0,0,0,0,0,211,0,0,4,0,0,25,12,1,1
4,1978.667,8490,167,31,106,229,39,,0,"Tue, 17 May 2016 09:25:00 +0900",5.357143,21.42857,13.92857,35.35714,0,2,0,0,9.642857,27.85714,0,0,0,0,0,0,0,0,0,0,0,0,0,0,0,0,0,0,0,0,0,0,0,0,210,0,0,4,0,0,25,12,2,2
8,2574,5300,143,83,98,134,72,,0,"Tue, 17 May 2016 09:26:00 +0900",1.153846,6.923077,15,53.07692,0,2,0,0,1.153846,3.461539,0,0,0,0,0,0,0,0,0,0,0,0,0,0,0,0,0,0,0,0,0,0,0,0,209,0,0,4,0,0,2,9,9,1
0,0,0,0,0,0,0,0,,0,"Tue, 17 May 2016 09:27:00 +0900",0,0,4,87,3,2,0,0,0,0,0,0,0,0,0,0,0,0,0,0,0,0,0,0,0,0,0,0,0,0,0,0,0,0,208,0,0,4,0,0,9,9,9,1
0,0,0,0,0,0,0,0,,0,"Tue, 17 May 2016 09:28:00 +0900",0,0,9,85,3,0,0,0,0,0,0,0,0,0,0,0,0,0,0,0,0,0,0,0,0,0,0,0,0,0,0,0,0,0,207,0,0,4,0,0,9,9,9,0
0,0,0,0,0,0,0,0,,0,"Tue, 17 May 2016 09:29:00 +0900",0,0,3,83,3,0,0,0,0,0,0,0,0,0,0,0,0,0,0,0,0,0,0,0,0,0,0,0,0,0,0,0,0,0,206,0,0,4,0,0,9,9,9,0
0,0,0,160,0,31,31,31,,0,"Tue, 17 May 2016 09:30:00 +0900",0,0,9,87,0,2,0,0,0,1,0,0,0,0,0,0,0,0,0,0,0,0,0,0,0,0,0,0,0,0,0,0,0,0,205,0,0,4,0,0,9,9,9,1
0,0,0,0,0,0,0,0,,0,"Tue, 17 May 2016 09:31:00 +0900",0,0,4,76,3,2,0,0,0,0,0,0,0,0,0,0,0,0,0,0,0,0,0,0,0,0,0,0,0,0,0,0,0,0,204,0,0,4,0,0,9,9,9,1
0,0,0,0,0,0,0,0,,0,"Tue, 17 May 2016 09:32:00 +0900",0,0,5,70,3,0,0,0,0,0,0,0,0,0,0,0,0,0,0,0,0,0,0,0,0,0,0,0,0,0,0,0,0,0,203,0,0,4,0,0,9,9,9,0
0,0,0,0,0,0,0,0,,0,"Tue, 17 May 2016 09:33:00 +0900",0,0,7,88,3,0,0,0,0,0,0,0,0,0,0,0,0,0,0,0,0,0,0,0,0,0,0,0,0,0,0,0,0,0,202,0,0,4,0,0,9,9,9,0
0,0,0,0,0,0,0,0,,0,"Tue, 17 May 2016 09:34:00 +0900",0,0,4,78,3,0,0,0,0,0,0,0,0,0,0,0,0,0,0,0,0,0,0,0,0,0,0,0,0,0,0,0,0,0,201,0,0,4,0,0,9,9,9,0
0,0,0,0,0,0,0,0,,0,"Tue, 17 May 2016 09:35:00 +0900",0,0,8,84,3,0,0,0,0,0,0,0,0,0,0,0,0,0,0,0,0,0,0,0,0,0,0,0,0,0,0,0,0,0,200,0,0,4,0,0,9,9,9,0
0,0,0,0,0,0,0,0,,0,"Tue, 17 May 2016 09:36:00 +0900",0,0,5,77,3,0,0,0,0,0,0,0,0,0,0,0,0,0,0,0,0,0,0,0,0,0,0,0,0,0,0,0,0,0,199,0,0,4,0,0,9,9,9,0
0,0,0,0,0,0,0,0,,0,"Tue, 17 May 2016 09:37:00 +0900",0,0,3,78,3,0,0,0,0,0,0,0,0,0,0,0,0,0,0,0,0,0,0,0,0,0,0,0,0,0,0,0,0,0,198,0,0,4,0,0,9,9,9,0
0,0,0,0,0,0,0,0,,0,"Tue, 17 May 2016 09:38:00 +0900",0,0,11,79,3,0,0,0,0,0,0,0,0,0,0,0,0,0,0,0,0,0,0,0,0,0,0,0,0,0,0,0,0,0,197,0,0,4,0,0,9,9,9,0
0,0,0,0,0,0,0,0,,0,"Tue, 17 May 2016 09:39:00 +0900",0,0,12,89,3,0,0,0,0,0,0,0,0,0,0,0,0,0,0,0,0,0,0,0,0,0,0,0,0,0,0,0,0,0,196,0,0,4,0,0,9,9,9,0
0,0,0,0,0,0,0,0,,0,"Tue, 17 May 2016 09:40:00 +0900",0,0,5,84,3,0,0,0,0,0,0,0,0,0,0,0,0,0,0,0,0,0,0,0,0,0,0,0,0,0,0,0,0,0,195,0,0,4,0,0,9,9,9,0
0,0,0,0,0,0,0,0,,0,"Tue, 17 May 2016 09:41:00 +0900",0,0,2,80,3,0,0,0,0,0,0,0,0,0,0,0,0,0,0,0,0,0,0,0,0,0,0,0,0,0,0,0,0,0,194,0,0,4,0,0,9,9,14,0
0,0,0,0,0,0,0,0,,0,"Tue, 17 May 2016 09:42:00 +0900",0,0,2,81,3,0,0,0,0,0,0,0,0,0,0,0,0,0,0,0,0,0,0,0,0,0,0,0,0,0,0,0,0,0,193,0,0,4,0,0,14,9,9,0
0,0,0,0,0,0,0,0,,0,"Tue, 17 May 2016 09:43:00 +0900",0,0,7,72,3,0,0,0,0,0,0,0,0,0,0,0,0,0,0,0,0,0,0,0,0,0,0,0,0,0,0,0,0,0,192,0,0,4,0,0,9,9,9,0
0,3550,3550,155,5,88,134,41,,0,"Tue, 17 May 2016 09:44:00 +0900",1,1,8,79,0,2,0,0,0,2,0,0,0,0,0,0,0,0,0,0,0,0,0,0,0,0,0,0,0,0,0,0,0,0,191,0,0,4,0,0,9,14,9,1
0,0,0,150,0,32,32,32,,0,"Tue, 17 May 2016 09:45:00 +0900",0,0,7,82,0,2,0,0,0,1,0,0,0,0,0,0,0,0,0,0,0,0,0,0,0,0,0,0,0,0,0,0,0,0,190,0,0,4,0,0,9,9,9,1
0,0,0,170,0,34,34,34,,0,"Tue, 17 May 2016 09:46:00 +0900",0,0,10,82,0,2,0,0,0,1,0,0,0,0,0,0,0,0,0,0,0,0,0,0,0,0,0,0,0,0,0,0,0,0,189,0,0,4,0,0,9,9,9,1
0,0,0,0,0,0,0,0,,0,"Tue, 17 May 2016 09:47:00 +0900",0,0,3,79,3,2,0,0,0,0,0,0,0,0,0,0,0,0,0,0,0,0,0,0,0,0,0,0,0,0,0,0,0,0,188,0,0,4,0,0,9,9,9,1
0,0,0,0,0,0,0,0,,0,"Tue, 17 May 2016 09:48:00 +0900",0,0,9,73,3,0,0,0,0,0,0,0,0,0,0,0,0,0,0,0,0,0,0,0,0,0,0,0,0,0,0,0,0,0,187,0,0,4,0,0,14,9,9,0
0,0,0,0,0,0,0,0,,0,"Tue, 17 May 2016 09:49:00 +0900",0,0,2,78,3,0,0,0,0,0,0,0,0,0,0,0,0,0,0,0,0,0,0,0,0,0,0,0,0,0,0,0,0,0,186,0,0,4,0,0,9,9,9,0
0,0,0,0,0,0,0,0,,0,"Tue, 17 May 2016 09:50:00 +0900",0,0,2,74,3,0,0,0,0,0,0,0,0,0,0,0,0,0,0,0,0,0,0,0,0,0,0,0,0,0,0,0,0,0,185,0,0,4,0,0,9,14,9,0
0,0,0,0,0,0,0,0,,0,"Tue, 17 May 2016 09:51:00 +0900",0,0,5,80,3,0,0,0,0,0,0,0,0,0,0,0,0,0,0,0,0,0,0,0,0,0,0,0,0,0,0,0,0,0,184,0,0,4,0,0,9,9,9,0
0,0,0,0,0,0,0,0,,0,"Tue, 17 May 2016 09:52:00 +0900",0,0,5,72,3,0,0,0,0,0,0,0,0,0,0,0,0,0,0,0,0,0,0,0,0,0,0,0,0,0,0,0,0,0,183,0,0,4,0,0,9,9,9,0
0,0,0,0,0,0,0,0,,0,"Tue, 17 May 2016 09:53:00 +0900",0,0,6,80,3,0,0,0,0,0,0,0,0,0,0,0,0,0,0,0,0,0,0,0,0,0,0,0,0,0,0,0,0,0,182,0,0,4,0,0,9,9,9,0
0,0,0,0,0,0,0,0,,0,"Tue, 17 May 2016 09:54:00 +0900",0,0,7,88,3,0,0,0,0,0,0,0,0,0,0,0,0,0,0,0,0,0,0,0,0,0,0,0,0,0,0,0,0,0,181,0,0,4,0,0,14,9,9,0
0,0,0,160,0,32,32,32,,0,"Tue, 17 May 2016 09:55:00 +0900",0,0,9,66,0,2,0,0,0,1,0,0,0,0,0,0,0,0,0,0,0,0,0,0,0,0,0,0,0,0,0,0,0,0,180,0,0,4,0,0,9,9,14,1
0,0,0,0,0,0,0,0,,0,"Tue, 17 May 2016 09:56:00 +0900",0,0,6,80,3,2,0,0,0,0,0,0,0,0,0,0,0,0,0,0,0,0,0,0,0,0,0,0,0,0,0,0,0,0,179,0,0,4,0,0,14,9,9,1
0,0,0,0,0,0,0,0,,0,"Tue, 17 May 2016 09:57:00 +0900",0,0,4,76,3,0,0,0,0,0,0,0,0,0,0,0,0,0,0,0,0,0,0,0,0,0,0,0,0,0,0,0,0,0,178,0,0,4,0,0,9,9,9,0
0,0,0,0,0,0,0,0,,0,"Tue, 17 May 2016 09:58:00 +0900",0,0,9,72,3,0,0,0,0,0,0,0,0,0,0,0,0,0,0,0,0,0,0,0,0,0,0,0,0,0,0,0,0,0,177,0,0,4,0,0,9,9,14,0
0,0,0,0,0,0,0,0,,0,"Tue, 17 May 2016 09:59:00 +0900",0,0,8,76,3,0,0,0,0,0,0,0,0,0,0,0,0,0,0,0,0,0,0,0,0,0,0,0,0,0,0,0,0,0,176,0,0,4,0,0,9,9,9,0
0,0,0,0,0,0,0,0,,0,"Tue, 17 May 2016 10:00:00 +0900",0,0,4,82,3,0,0,0,0,0,0,0,0,0,0,0,0,0,0,0,0,0,0,0,0,0,0,0,0,0,0,0,0,0,175,0,0,4,0,0,9,9,9,0
0,0,0,0,0,0,0,0,,0,"Tue, 17 May 2016 10:01:00 +0900",0,0,3,82,3,0,0,0,0,0,0,0,0,0,0,0,0,0,0,0,0,0,0,0,0,0,0,0,0,0,0,0,0,0,174,0,0,4,0,0,14,14,9,0
0,0,0,0,0,0,0,0,,0,"Tue, 17 May 2016 10:02:00 +0900",0,0,3,71,3,0,0,0,0,0,0,0,0,0,0,0,0,0,0,0,0,0,0,0,0,0,0,0,0,0,0,0,0,0,173,0,0,4,0,0,14,9,9,0
0,0,0,0,0,0,0,0,,0,"Tue, 17 May 2016 10:03:00 +0900",0,0,6,76,3,0,0,0,0,0,0,0,0,0,0,0,0,0,0,0,0,0,0,0,0,0,0,0,0,0,0,0,0,0,172,0,0,4,0,0,9,9,9,0
0,4060,10200,150,7,109,148,58,,0,"Tue, 17 May 2016 10:04:00 +0900",0,0,4,66,0,2,0,0,1,4,0,0,0,0,0,0,0,0,0,0,0,0,0,0,0,0,0,0,0,0,0,0,0,0,171,0,0,4,0,0,9,9,9,1
0,0,0,0,0,0,0,0,,0,"Tue, 17 May 2016 10:05:00 +0900",0,0,6,66,3,2,0,0,0,0,0,0,0,0,0,0,0,0,0,0,0,0,0,0,0,0,0,0,0,0,0,0,0,0,170,0,0,4,0,0,9,9,9,1
0,0,0,0,0,0,0,0,,0,"Tue, 17 May 2016 10:06:00 +0900",0,0,6,71,3,0,0,0,0,0,0,0,0,0,0,0,0,0,0,0,0,0,0,0,0,0,0,0,0,0,0,0,0,0,169,0,0,4,0,0,9,9,9,0
0,0,0,0,0,0,0,0,,0,"Tue, 17 May 2016 10:07:00 +0900",0,0,7,73,3,0,0,0,0,0,0,0,0,0,0,0,0,0,0,0,0,0,0,0,0,0,0,0,0,0,0,0,0,0,168,0,0,4,0,0,14,9,14,0
0,0,0,0,0,0,0,0,,0,"Tue, 17 May 2016 10:08:00 +0900",0,0,8,81,3,0,0,0,0,0,0,0,0,0,0,0,0,0,0,0,0,0,0,0,0,0,0,0,0,0,0,0,0,0,167,0,0,4,0,0,14,14,14,0
0,0,0,0,0,0,0,0,,0,"Tue, 17 May 2016 10:09:00 +0900",0,0,8,75,3,0,0,0,0,0,0,0,0,0,0,0,0,0,0,0,0,0,0,0,0,0,0,0,0,0,0,0,0,0,166,0,0,4,0,0,14,14,14,0
0,0,0,0,0,0,0,0,,0,"Tue, 17 May 2016 10:10:00 +0900",0,0,6,78,3,0,0,0,0,0,0,0,0,0,0,0,0,0,0,0,0,0,0,0,0,0,0,0,0,0,0,0,0,0,165,0,0,4,0,0,14,14,14,0
0,0,0,0,0,0,0,0,,0,"Tue, 17 May 2016 10:11:00 +0900",0,0,2,77,3,0,0,0,0,0,0,0,0,0,0,0,0,0,0,0,0,0,0,0,0,0,0,0,0,0,0,0,0,0,164,0,0,4,0,0,14,14,14,0
0,0,0,0,0,0,0,0,,0,"Tue, 17 May 2016 10:12:00 +0900",0,0,10,79,3,0,0,0,0,0,0,0,0,0,0,0,0,0,0,0,0,0,0,0,0,0,0,0,0,0,0,0,0,0,163,0,0,4,0,0,14,14,14,0
0,0,0,0,0,0,0,0,,0,"Tue, 17 May 2016 10:13:00 +0900",0,0,9,85,3,0,0,0,0,0,0,0,0,0,0,0,0,0,0,0,0,0,0,0,0,0,0,0,0,0,0,0,0,0,162,0,0,4,0,0,14,14,14,0
0,0,0,0,0,0,0,0,,0,"Tue, 17 May 2016 10:14:00 +0900",0,0,5,83,3,0,0,0,0,0,0,0,0,0,0,0,0,0,0,0,0,0,0,0,0,0,0,0,0,0,0,0,0,0,161,0,0,4,0,0,14,14,14,0
0,0,0,0,0,0,0,0,,0,"Tue, 17 May 2016 10:15:00 +0900",0,0,2,72,3,0,0,0,0,0,0,0,0,0,0,0,0,0,0,0,0,0,0,0,0,0,0,0,0,0,0,0,0,0,160,0,0,4,0,0,14,14,14,0
0,0,0,0,0,0,0,0,,0,"Tue, 17 May 2016 10:16:00 +0900",0,0,3,83,3,0,0,0,0,0,0,0,0,0,0,0,0,0,0,0,0,0,0,0,0,0,0,0,0,0,0,0,0,0,159,0,0,4,0,0,14,14,14,0
0,0,0,0,0,0,0,0,,0,"Tue, 17 May 2016 10:17:00 +0900",0,0,5,81,3,0,0,0,0,0,0,0,0,0,0,0,0,0,0,0,0,0,0,0,0,0,0,0,0,0,0,0,0,0,158,0,0,4,0,0,14,14,14,0
0,0,0,0,0,0,0,0,,0,"Tue, 17 May 2016 10:18:00 +0900",0,0,3,82,3,0,0,0,0,0,0,0,0,0,0,0,0,0,0,0,0,0,0,0,0,0,0,0,0,0,0,0,0,0,157,0,0,4,0,0,14,14,14,0
0,0,0,0,0,0,0,0,,0,"Tue, 17 May 2016 10:19:00 +0900",0,0,9,87,3,0,0,0,0,0,0,0,0,0,0,0,0,0,0,0,0,0,0,0,0,0,0,0,0,0,0,0,0,0,156,0,0,4,0,0,14,14,14,0
0,0,0,140,0,34,34,34,,0,"Tue, 17 May 2016 10:20:00 +0900",0,0,4,82,0,2,0,0,0,1,0,0,0,0,0,0,0,0,0,0,0,0,0,0,0,0,0,0,0,0,0,0,0,0,155,0,0,4,0,0,14,14,14,1
0,0,0,0,0,0,0,0,,0,"Tue, 17 May 2016 10:21:00 +0900",0,0,3,76,3,2,0,0,0,0,0,0,0,0,0,0,0,0,0,0,0,0,0,0,0,0,0,0,0,0,0,0,0,0,154,0,0,4,0,0,14,14,14,1
0,0,0,0,0,0,0,0,,0,"Tue, 17 May 2016 10:22:00 +0900",0,0,8,78,3,0,0,0,0,0,0,0,0,0,0,0,0,0,0,0,0,0,0,0,0,0,0,0,0,0,0,0,0,0,153,0,0,4,0,0,14,14,14,0
0,0,0,0,0,0,0,0,,0,"Tue, 17 May 2016 10:23:00 +0900",0,0,8,68,3,0,0,0,0,0,0,0,0,0,0,0,0,0,0,0,0,0,0,0,0,0,0,0,0,0,0,0,0,0,152,0,0,4,0,0,14,14,14,0
0,0,0,0,0,0,0,0,,0,"Tue, 17 May 2016 10:24:00 +0900",0,0,5,86,3,0,0,0,0,0,0,0,0,0,0,0,0,0,0,0,0,0,0,0,0,0,0,0,0,0,0,0,0,0,151,0,0,4,0,0,14,14,14,0
0,0,0,0,0,0,0,0,,0,"Tue, 17 May 2016 10:25:00 +0900",0,0,8,86,3,0,0,0,0,0,0,0,0,0,0,0,0,0,0,0,0,0,0,0,0,0,0,0,0,0,0,0,0,0,150,0,0,4,0,0,14,14,14,0
0,0,0,0,0,0,0,0,,0,"Tue, 17 May 2016 10:26:00 +0900",0,0,5,76,3,0,0,0,0,0,0,0,0,0,0,0,0,0,0,0,0,0,0,0,0,0,0,0,0,0,0,0,0,0,149,0,0,4,0,0,14,14,14,0
0,0,0,0,0,0,0,0,,0,"Tue, 17 May 2016 10:27:00 +0900",0,0,4,86,3,0,0,0,0,0,0,0,0,0,0,0,0,0,0,0,0,0,0,0,0,0,0,0,0,0,0,0,0,0,148,0,0,4,0,0,14,14,14,0
0,0,0,0,0,0,0,0,,0,"Tue, 17 May 2016 10:28:00 +0900",0,0,8,75,3,0,0,0,0,0,0,0,0,0,0,0,0,0,0,0,0,0,0,0,0,0,0,0,0,0,0,0,0,0,147,0,0,4,0,0,14,14,14,0
0,0,0,0,0,0,0,0,,0,"Tue, 17 May 2016 10:29:00 +0900",0,0,9,66,3,0,0,0,0,0,0,0,0,0,0,0,0,0,0,0,0,0,0,0,0,0,0,0,0,0,0,0,0,0,146,0,0,4,0,0,14,14,14,0
0,16300,32260,160,22,66,95,46,,0,"Tue, 17 May 2016 10:30:00 +0900",0,1,7,77,0,2,0,0,1,3,0,0,0,0,0,0,0,0,0,0,0,0,0,0,0,0,0,0,0,0,0,0,0,0,145,0,0,4,0,0,14,14,14,1
0,0,0,0,0,0,0,0,,0,"Tue, 17 May 2016 10:31:00 +0900",0,0,6,80,3,2,0,0,0,0,0,0,0,0,0,0,0,0,0,0,0,0,0,0,0,0,0,0,0,0,0,0,0,0,144,0,0,4,0,0,14,14,14,1
3,0,0,150,0,60,60,60,,0,"Tue, 17 May 2016 10:32:00 +0900",0,0,9.473684,68.42105,0,2,0,0,0,1.052632,0,0,0,0,0,0,0,0,0,0,0,0,0,0,0,0,0,0,0,0,0,0,0,0,143,0,0,4,0,0,14,9,9,1
17,0,0,160,0,52,52,52,,0,"Tue, 17 May 2016 10:33:00 +0900",0,1.395349,6.976744,85.11628,0,2,0,0,0,1.395349,0,0,0,0,0,0,0,0,0,0,0,0,0,0,0,0,0,0,0,0,0,0,0,0,142,0,0,4,0,0,25,14,14,1
0,37650,37650,145,5,53,71,35,,0,"Tue, 17 May 2016 10:34:00 +0900",0,0,8,74,0,2,0,0,0,2,0,0,0,0,0,0,0,0,0,0,0,0,0,0,0,0,0,0,0,0,0,0,0,0,141,0,0,4,0,0,14,14,14,1
0,0,0,0,0,0,0,0,,0,"Tue, 17 May 2016 10:35:00 +0900",0,0,8,78,3,2,0,0,0,0,0,0,0,0,0,0,0,0,0,0,0,0,0,0,0,0,0,0,0,0,0,0,0,0,140,0,0,4,0,0,14,14,14,1
0,0,0,0,0,0,0,0,,0,"Tue, 17 May 2016 10:36:00 +0900",0,0,4,82,3,0,0,0,0,0,0,0,0,0,0,0,0,0,0,0,0,0,0,0,0,0,0,0,0,0,0,0,0,0,139,0,0,4,0,0,14,14,14,0
2,1363,4860,203,83,84,156,38,,0,"Tue, 17 May 2016 10:37:00 +0900",5.172414,13.44828,16.55172,65.17242,0,3,0,0,7.241379,15.51724,0,0,0,0,0,0,0,0,0,0,0,0,0,0,0,0,0,0,0,0,0,0,0,0,138,0,0,4,0,0,14,14,22,1
11,1363.833,1363.833,154,49,92,185,36,,0,"Tue, 17 May 2016 10:38:00 +0900",3.67347,37.95918,29.38776,37.95918,0,1,0,0,20.81633,44.08163,0,0,0,0,0,0,0,0,0,0,0,0,0,0,0,0,0,0,0,0,0,0,0,0,137,0,0,4,0,0,22,15,23,1
57,0,0,400,0,104,104,104,,0,"Tue, 17 May 2016 10:39:00 +0900",20,20,0,20,0,1,0,0,20,20,0,0,0,0,0,0,0,0,0,0,0,0,0,0,0,0,0,0,0,0,0,0,0,0,136,0,0,4,0,0,24,19,19,1
53,616,616,220,65,133,229,73,,0,"Tue, 17 May 2016 10:40:00 +0900",8.571429,34.28572,17.14286,34.28572,0,0,0,0,17.14286,51.42857,0,0,0,0,0,0,0,0,0,0,0,0,0,0,0,0,0,0,0,0,0,0,0,0,135,0,0,4,0,0,14,14,7,0
12,1736,1736,154,15,110,182,46,,0,"Tue, 17 May 2016 10:41:00 +0900",5,15,6.25,31.25,0,1,0,0,11.25,33.75,0,0,0,0,0,0,0,0,0,0,0,0,0,0,0,0,0,0,0,0,0,0,0,0,134,0,0,4,0,0,7,12,2,2
15,2565,2565,165,38,84,220,31,,107,"Tue, 17 May 2016 10:42:00 +0900",0,13.33333,16,41.33334,0,0,62,62,2.666667,22.66667,0,0,0,1,1,0,1,1,1,4,1,2,3,2,1,0,0,0,2,1,1,0,0,0,133,5.02,8.59,4,-3.34,6.04,25,17,0,0
7,1943.333,7310,158,30,97,153,49,,0,"Tue, 17 May 2016 10:43:00 +0900",4.528302,15.84906,15.84906,41.88679,0,2,0,0,9.056604,27.16981,0,0,0,0,0,0,0,0,0,0,0,0,0,0,0,0,0,0,0,0,0,0,0,0,132,0,0,4,0,0,11,1,13,1
13,1692,1692,174,51,78,134,33,,0,"Tue, 17 May 2016 10:44:00 +0900",2.553191,19.14894,25.53192,29.3617,0,2,0,0,12.76596,29.3617,0,0,0,0,0,0,0,0,0,0,0,0,0,0,0,0,0,0,0,0,0,0,0,0,131,0,0,4,0,0,7,14,8,1
10,1641.667,6500,179,72,111,169,37,,0,"Tue, 17 May 2016 10:45:00 +0900",0,21.6,27.6,51.6,0,3,0,0,7.2,15.6,0,0,0,0,0,0,0,0,0,0,0,0,0,0,0,0,0,0,0,0,0,0,0,0,130,0,0,4,0,0,13,9,9,2
0,0,0,0,0,0,0,0,,0,"Tue, 17 May 2016 10:46:00 +0900",0,0,8,77,3,3,0,0,0,0,0,0,0,0,0,0,0,0,0,0,0,0,0,0,0,0,0,0,0,0,0,0,0,0,129,0,0,4,0,0,9,9,9,1
0,0,0,140,0,35,35,35,,0,"Tue, 17 May 2016 10:47:00 +0900",0,0,7,91,0,2,0,0,0,1,0,0,0,0,0,0,0,0,0,0,0,0,0,0,0,0,0,0,0,0,0,0,0,0,128,0,0,4,0,0,9,9,9,2
0,0,0,200,0,33,33,33,,0,"Tue, 17 May 2016 10:48:00 +0900",0,0,7,79,0,2,0,0,0,1,0,0,0,0,0,0,0,0,0,0,0,0,0,0,0,0,0,0,0,0,0,0,0,0,127,0,0,4,0,0,9,9,9,1
0,0,0,0,0,0,0,0,,0,"Tue, 17 May 2016 10:49:00 +0900",0,0,4,76,3,2,0,0,0,0,0,0,0,0,0,0,0,0,0,0,0,0,0,0,0,0,0,0,0,0,0,0,0,0,126,0,0,4,0,0,9,9,9,1
0,740,1140,143,9,62,70,52,,0,"Tue, 17 May 2016 10:50:00 +0900",0,0,7,73,0,2,0,0,1,3,0,0,0,0,0,0,0,0,0,0,0,0,0,0,0,0,0,0,0,0,0,0,0,0,125,0,0,4,0,0,9,9,9,1
2,15022,30690,157,33,46,57,32,,0,"Tue, 17 May 2016 10:51:00 +0900",0,1.034483,5.172414,84.82758,0,2,0,0,1.034483,3.103448,0,0,0,0,0,0,0,0,0,0,0,0,0,0,0,0,0,0,0,0,0,0,0,0,124,0,0,4,0,0,9,9,9,1
0,0,0,0,0,0,0,0,,0,"Tue, 17 May 2016 10:52:00 +0900",0,0,5,88,3,2,0,0,0,0,0,0,0,0,0,0,0,0,0,0,0,0,0,0,0,0,0,0,0,0,0,0,0,0,123,0,0,4,0,0,9,9,9,1
0,0,0,0,0,0,0,0,,0,"Tue, 17 May 2016 10:53:00 +0900",0,0,7,76,3,0,0,0,0,0,0,0,0,0,0,0,0,0,0,0,0,0,0,0,0,0,0,0,0,0,0,0,0,0,122,0,0,4,0,0,9,9,9,0
0,0,0,150,0,53,53,53,,0,"Tue, 17 May 2016 10:54:00 +0900",0,0,8,76,0,2,0,0,0,1,0,0,0,0,0,0,0,0,0,0,0,0,0,0,0,0,0,0,0,0,0,0,0,0,121,0,0,4,0,0,9,9,9,1
0,0,0,140,0,43,43,43,,0,"Tue, 17 May 2016 10:55:00 +0900",0,0,12,81,0,2,0,0,0,1,0,0,0,0,0,0,0,0,0,0,0,0,0,0,0,0,0,0,0,0,0,0,0,0,120,0,0,4,0,0,9,9,9,1
0,2370,4540,175,27,40,48,30,,0,"Tue, 17 May 2016 10:56:00 +0900",0,0,8,82,0,2,0,0,1,4,0,0,0,0,0,0,0,0,0,0,0,0,0,0,0,0,0,0,0,0,0,0,0,0,119,0,0,4,0,0,9,9,9,1
0,0,0,130,0,59,59,59,,0,"Tue, 17 May 2016 10:57:00 +0900",0,0,4,92,0,2,0,0,0,1,0,0,0,0,0,0,0,0,0,0,0,0,0,0,0,0,0,0,0,0,0,0,0,0,118,0,0,4,0,0,9,9,9,1
0,6060,11530,160,22,40,49,32,,0,"Tue, 17 May 2016 10:58:00 +0900",0,0,5,80,0,2,0,0,1,3,0,0,0,0,0,0,0,0,0,0,0,0,0,0,0,0,0,0,0,0,0,0,0,0,117,0,0,4,0,0,9,9,9,1
0,11330,11330,145,15,55,70,40,,0,"Tue, 17 May 2016 10:59:00 +0900",0,0,14,88,0,2,0,0,0,2,0,0,0,0,0,0,0,0,0,0,0,0,0,0,0,0,0,0,0,0,0,0,0,0,116,0,0,4,0,0,9,9,9,1
0,0,0,140,0,63,63,63,,0,"Tue, 17 May 2016 11:00:00 +0900",0,0,6,82,0,2,0,0,0,1,0,0,0,0,0,0,0,0,0,0,0,0,0,0,0,0,0,0,0,0,0,0,0,0,115,0,0,4,0,0,9,9,9,1
0,0,0,0,0,0,0,0,,0,"Tue, 17 May 2016 11:01:00 +0900",0,0,5,73,3,2,0,0,0,0,0,0,0,0,0,0,0,0,0,0,0,0,0,0,0,0,0,0,0,0,0,0,0,0,114,0,0,4,0,0,9,9,9,1
0,14610,40540,150,0,68,86,43,,0,"Tue, 17 May 2016 11:02:00 +0900",0,1,11,83,0,2,0,0,1,4,0,0,0,0,0,0,0,0,0,0,0,0,0,0,0,0,0,0,0,0,0,0,0,0,113,0,0,4,0,0,9,9,9,1
0,19240,19350,150,8,54,77,35,,0,"Tue, 17 May 2016 11:03:00 +0900",0,1,5,79,0,2,0,0,0,3,0,0,0,0,0,0,0,0,0,0,0,0,0,0,0,0,0,0,0,0,0,0,0,0,112,0,0,4,0,0,9,9,9,1
0,0,0,0,0,0,0,0,,0,"Tue, 17 May 2016 11:04:00 +0900",0,0,7,83,3,2,0,0,0,0,0,0,0,0,0,0,0,0,0,0,0,0,0,0,0,0,0,0,0,0,0,0,0,0,111,0,0,4,0,0,9,9,9,1
0,12020,38110,150,11,62,99,34,,0,"Tue, 17 May 2016 11:05:00 +0900",0,2,6,81,0,3,0,0,2,5,0,0,0,0,0,0,0,0,0,0,0,0,0,0,0,0,0,0,0,0,0,0,0,0,110,0,0,4,0,0,9,9,9,1
0,0,0,0,0,0,0,0,,0,"Tue, 17 May 2016 11:06:00 +0900",0,6,6,73,3,3,0,0,0,0,0,0,0,0,0,0,0,0,0,0,0,0,0,0,0,0,0,0,0,0,0,0,0,0,109,0,0,4,0,0,9,9,9,1
0,2390,2390,145,15,54,75,32,,0,"Tue, 17 May 2016 11:07:00 +0900",0,7,12,79,0,2,0,0,0,2,0,0,0,0,0,0,0,0,0,0,0,0,0,0,0,0,0,0,0,0,0,0,0,0,108,0,0,4,0,0,9,9,9,1
0,5410,14040,188,65,77,109,47,,0,"Tue, 17 May 2016 11:08:00 +0900",0,2,11,80,0,2,0,0,1,4,0,0,0,0,0,0,0,0,0,0,0,0,0,0,0,0,0,0,0,0,0,0,0,0,107,0,0,4,0,0,9,9,9,1
0,5650,18100,176,52,49,71,32,,0,"Tue, 17 May 2016 11:09:00 +0900",0,0,7,85,0,3,0,0,2,8,0,0,0,0,0,0,0,0,0,0,0,0,0,0,0,0,0,0,0,0,0,0,0,0,106,0,0,4,0,0,9,9,9,1
0,17200,38680,148,8,74,82,65,,0,"Tue, 17 May 2016 11:10:00 +0900",0,0,8,84,0,2,0,0,1,4,0,0,0,0,0,0,0,0,0,0,0,0,0,0,0,0,0,0,0,0,0,0,0,0,105,0,0,4,0,0,9,9,9,1
0,0,0,0,0,0,0,0,,0,"Tue, 17 May 2016 11:11:00 +0900",0,0,10,78,3,2,0,0,0,0,0,0,0,0,0,0,0,0,0,0,0,0,0,0,0,0,0,0,0,0,0,0,0,0,104,0,0,4,0,0,9,9,9,1
0,0,0,0,0,0,0,0,,0,"Tue, 17 May 2016 11:12:00 +0900",0,0,8,82,3,0,0,0,0,0,0,0,0,0,0,0,0,0,0,0,0,0,0,0,0,0,0,0,0,0,0,0,0,0,103,0,0,4,0,0,9,9,9,0
0,0,0,0,0,0,0,0,,0,"Tue, 17 May 2016 11:13:00 +0900",0,1,12,79,3,0,0,0,0,0,0,0,0,0,0,0,0,0,0,0,0,0,0,0,0,0,0,0,0,0,0,0,0,0,102,0,0,4,0,0,9,9,9,0
0,0,0,0,0,0,0,0,,0,"Tue, 17 May 2016 11:14:00 +0900",0,1,11,87,3,0,0,0,0,0,0,0,0,0,0,0,0,0,0,0,0,0,0,0,0,0,0,0,0,0,0,0,0,0,101,0,0,4,0,0,9,9,9,0
0,1990,1990,145,5,74,88,59,,0,"Tue, 17 May 2016 11:15:00 +0900",0,2,6,82,0,2,0,0,0,2,0,0,0,0,0,0,0,0,0,0,0,0,0,0,0,0,0,0,0,0,0,0,0,0,100,0,0,4,0,0,9,9,9,1
0,0,0,0,0,0,0,0,,0,"Tue, 17 May 2016 11:16:00 +0900",0,0,15,74,3,0,0,0,0,0,0,0,0,0,0,0,0,0,0,0,0,0,0,0,0,0,0,0,0,0,0,0,0,0,99,0,0,4,0,0,9,9,9,0
0,0,0,0,0,0,0,0,,0,"Tue, 17 May 2016 11:17:00 +0900",0,0,11,75,3,0,0,0,0,0,0,0,0,0,0,0,0,0,0,0,0,0,0,0,0,0,0,0,0,0,0,0,0,0,98,0,0,4,0,0,9,9,9,0
0,0,0,0,0,0,0,0,,0,"Tue, 17 May 2016 11:18:00 +0900",0,0,4,73,3,0,0,0,0,0,0,0,0,0,0,0,0,0,0,0,0,0,0,0,0,0,0,0,0,0,0,0,0,0,97,0,0,4,0,0,9,9,9,0
0,0,0,0,0,0,0,0,,0,"Tue, 17 May 2016 11:19:00 +0900",0,0,6,72,3,0,0,0,0,0,0,0,0,0,0,0,0,0,0,0,0,0,0,0,0,0,0,0,0,0,0,0,0,0,96,0,0,4,0,0,9,9,9,0
0,0,0,0,0,0,0,0,,0,"Tue, 17 May 2016 11:20:00 +0900",0,0,5,66,3,0,0,0,0,0,0,0,0,0,0,0,0,0,0,0,0,0,0,0,0,0,0,0,0,0,0,0,0,0,95,0,0,4,0,0,9,9,9,0
0,0,0,0,0,0,0,0,,0,"Tue, 17 May 2016 11:21:00 +0900",0,0,6,87,3,0,0,0,0,0,0,0,0,0,0,0,0,0,0,0,0,0,0,0,0,0,0,0,0,0,0,0,0,0,94,0,0,4,0,0,9,9,9,0
0,0,0,0,0,0,0,0,,0,"Tue, 17 May 2016 11:22:00 +0900",0,0,8,74,3,0,0,0,0,0,0,0,0,0,0,0,0,0,0,0,0,0,0,0,0,0,0,0,0,0,0,0,0,0,93,0,0,4,0,0,9,9,9,0
0,0,0,0,0,0,0,0,,0,"Tue, 17 May 2016 11:23:00 +0900",0,0,7,78,3,0,0,0,0,0,0,0,0,0,0,0,0,0,0,0,0,0,0,0,0,0,0,0,0,0,0,0,0,0,92,0,0,4,0,0,9,9,9,0
0,0,0,0,0,0,0,0,,0,"Tue, 17 May 2016 11:24:00 +0900",0,0,6,80,3,0,0,0,0,0,0,0,0,0,0,0,0,0,0,0,0,0,0,0,0,0,0,0,0,0,0,0,0,0,91,0,0,4,0,0,9,9,9,0
0,0,0,0,0,0,0,0,,0,"Tue, 17 May 2016 11:25:00 +0900",0,0,6,80,3,0,0,0,0,0,0,0,0,0,0,0,0,0,0,0,0,0,0,0,0,0,0,0,0,0,0,0,0,0,90,0,0,4,0,0,9,9,9,0
0,0,0,0,0,0,0,0,,0,"Tue, 17 May 2016 11:26:00 +0900",0,0,10,72,3,0,0,0,0,0,0,0,0,0,0,0,0,0,0,0,0,0,0,0,0,0,0,0,0,0,0,0,0,0,89,0,0,4,0,0,9,9,9,0
0,0,0,0,0,0,0,0,,0,"Tue, 17 May 2016 11:27:00 +0900",0,0,7,81,3,0,0,0,0,0,0,0,0,0,0,0,0,0,0,0,0,0,0,0,0,0,0,0,0,0,0,0,0,0,88,0,0,4,0,0,9,9,9,0
0,0,0,0,0,0,0,0,,0,"Tue, 17 May 2016 11:28:00 +0900",0,0,6,69,3,0,0,0,0,0,0,0,0,0,0,0,0,0,0,0,0,0,0,0,0,0,0,0,0,0,0,0,0,0,87,0,0,4,0,0,9,9,9,0
0,0,0,0,0,0,0,0,,0,"Tue, 17 May 2016 11:29:00 +0900",0,0,6,81,3,0,0,0,0,0,0,0,0,0,0,0,0,0,0,0,0,0,0,0,0,0,0,0,0,0,0,0,0,0,86,0,0,4,0,0,9,9,9,0
0,0,0,0,0,0,0,0,,0,"Tue, 17 May 2016 11:30:00 +0900",0,0,5,82,3,0,0,0,0,0,0,0,0,0,0,0,0,0,0,0,0,0,0,0,0,0,0,0,0,0,0,0,0,0,85,0,0,4,0,0,9,9,9,0
0,0,0,0,0,0,0,0,,0,"Tue, 17 May 2016 11:31:00 +0900",0,0,6,81,3,0,0,0,0,0,0,0,0,0,0,0,0,0,0,0,0,0,0,0,0,0,0,0,0,0,0,0,0,0,84,0,0,4,0,0,9,9,9,0
0,0,0,0,0,0,0,0,,0,"Tue, 17 May 2016 11:32:00 +0900",0,0,8,78,3,0,0,0,0,0,0,0,0,0,0,0,0,0,0,0,0,0,0,0,0,0,0,0,0,0,0,0,0,0,83,0,0,4,0,0,9,9,9,0
0,0,0,0,0,0,0,0,,0,"Tue, 17 May 2016 11:33:00 +0900",0,0,8,76,3,0,0,0,0,0,0,0,0,0,0,0,0,0,0,0,0,0,0,0,0,0,0,0,0,0,0,0,0,0,82,0,0,4,0,0,9,9,9,0
0,0,0,0,0,0,0,0,,0,"Tue, 17 May 2016 11:34:00 +0900",0,0,10,84,3,0,0,0,0,0,0,0,0,0,0,0,0,0,0,0,0,0,0,0,0,0,0,0,0,0,0,0,0,0,81,0,0,4,0,0,9,9,9,0
0,0,0,0,0,0,0,0,,0,"Tue, 17 May 2016 11:35:00 +0900",0,0,8,85,3,0,0,0,0,0,0,0,0,0,0,0,0,0,0,0,0,0,0,0,0,0,0,0,0,0,0,0,0,0,80,0,0,4,0,0,9,9,9,0
0,0,0,0,0,0,0,0,,0,"Tue, 17 May 2016 11:36:00 +0900",0,0,7,76,3,0,0,0,0,0,0,0,0,0,0,0,0,0,0,0,0,0,0,0,0,0,0,0,0,0,0,0,0,0,79,0,0,4,0,0,9,9,9,0
0,0,0,130,0,49,49,49,,0,"Tue, 17 May 2016 11:37:00 +0900",0,0,6,70,0,2,0,0,0,1,0,0,0,0,0,0,0,0,0,0,0,0,0,0,0,0,0,0,0,0,0,0,0,0,78,0,0,4,0,0,9,9,9,1
0,0,0,0,0,0,0,0,,0,"Tue, 17 May 2016 11:38:00 +0900",0,0,6,77,3,2,0,0,0,0,0,0,0,0,0,0,0,0,0,0,0,0,0,0,0,0,0,0,0,0,0,0,0,0,77,0,0,4,0,0,9,9,9,2
2,1005.333,1630,158,17,82,155,46,,0,"Tue, 17 May 2016 11:39:00 +0900",0,9.310345,7.241379,69.31035,0,2,0,0,2.068965,5.172414,0,0,0,0,0,0,0,0,0,0,0,0,0,0,0,0,0,0,0,0,0,0,0,0,76,0,0,4,0,0,9,9,9,1
8,7132.667,19010,148,17,71,115,40,,0,"Tue, 17 May 2016 11:40:00 +0900",0,3.461539,8.076923,79.61539,0,2,0,0,0,9.230769,0,0,0,0,0,0,0,0,0,0,0,0,0,0,0,0,0,0,0,0,0,0,0,0,75,0,0,4,0,0,9,9,9,1
2,2842,5240,153,15,73,129,35,,0,"Tue, 17 May 2016 11:41:00 +0900",0,1.034483,6.206897,88.96552,0,2,0,0,2.068965,8.275862,0,0,0,0,0,0,0,0,0,0,0,0,0,0,0,0,0,0,0,0,0,0,0,0,74,0,0,4,0,0,9,9,9,1
0,0,0,0,0,0,0,0,,0,"Tue, 17 May 2016 11:42:00 +0900",0,0,9,71,3,2,0,0,0,0,0,0,0,0,0,0,0,0,0,0,0,0,0,0,0,0,0,0,0,0,0,0,0,0,73,0,0,4,0,0,9,9,9,1
0,5230,17060,153,24,81,139,51,,0,"Tue, 17 May 2016 11:43:00 +0900",0,3,9,72,0,3,0,0,3,6,0,0,0,0,0,0,0,0,0,0,0,0,0,0,0,0,0,0,0,0,0,0,0,0,72,0,0,4,0,0,9,9,9,1
0,0,0,0,0,0,0,0,,0,"Tue, 17 May 2016 11:44:00 +0900",0,0,3,74,3,0,0,0,0,0,0,0,0,0,0,0,0,0,0,0,0,0,0,0,0,0,0,0,0,0,0,0,0,0,71,0,0,4,0,0,9,9,9,0
0,6850,13290,167,17,125,137,112,,0,"Tue, 17 May 2016 11:45:00 +0900",0,0,8,80,0,2,0,0,1,3,0,0,0,0,0,0,0,0,0,0,0,0,0,0,0,0,0,0,0,0,0,0,0,0,70,0,0,4,0,0,9,9,9,1
0,0,0,0,0,0,0,0,,0,"Tue, 17 May 2016 11:46:00 +0900",0,0,5,66,3,2,0,0,0,0,0,0,0,0,0,0,0,0,0,0,0,0,0,0,0,0,0,0,0,0,0,0,0,0,69,0,0,4,0,0,9,9,9,1
0,0,0,0,0,0,0,0,,0,"Tue, 17 May 2016 11:47:00 +0900",0,0,7,89,3,0,0,0,0,0,0,0,0,0,0,0,0,0,0,0,0,0,0,0,0,0,0,0,0,0,0,0,0,0,68,0,0,4,0,0,9,9,9,0
0,0,0,0,0,0,0,0,,0,"Tue, 17 May 2016 11:48:00 +0900",0,0,3,75,3,0,0,0,0,0,0,0,0,0,0,0,0,0,0,0,0,0,0,0,0,0,0,0,0,0,0,0,0,0,67,0,0,4,0,0,9,9,9,0
0,0,0,0,0,0,0,0,,0,"Tue, 17 May 2016 11:49:00 +0900",0,0,6,87,3,0,0,0,0,0,0,0,0,0,0,0,0,0,0,0,0,0,0,0,0,0,0,0,0,0,0,0,0,0,66,0,0,4,0,0,9,9,9,0
0,5840,13400,143,5,162,185,135,,0,"Tue, 17 May 2016 11:50:00 +0900",0,0,13,79,0,2,0,0,2,6,0,0,0,0,0,0,0,0,0,0,0,0,0,0,0,0,0,0,0,0,0,0,0,0,65,0,0,4,0,0,9,9,9,1
0,6390,11880,146,13,144,189,47,,0,"Tue, 17 May 2016 11:51:00 +0900",0,4,8,74,0,2,0,0,2,9,0,0,0,0,0,0,0,0,0,0,0,0,0,0,0,0,0,0,0,0,0,0,0,0,64,0,0,4,0,0,9,9,9,1
0,4760,16850,142,30,92,205,35,,0,"Tue, 17 May 2016 11:52:00 +0900",0,2,9,79,0,3,0,0,3,11,0,0,0,0,0,0,0,0,0,0,0,0,0,0,0,0,0,0,0,0,0,0,0,0,63,0,0,4,0,0,9,9,9,1
0,4810,15700,164,44,98,176,38,,0,"Tue, 17 May 2016 11:53:00 +0900",0,0,4,77,0,3,0,0,4,12,0,0,0,0,0,0,0,0,0,0,0,0,0,0,0,0,0,0,0,0,0,0,0,0,62,0,0,4,0,0,9,9,9,1
0,6600,14240,167,33,55,85,36,,0,"Tue, 17 May 2016 11:54:00 +0900",0,2,5,81,0,2,0,0,3,10,0,0,0,0,0,0,0,0,0,0,0,0,0,0,0,0,0,0,0,0,0,0,0,0,61,0,0,4,0,0,9,9,9,1
0,7870,13370,196,48,51,75,41,,0,"Tue, 17 May 2016 11:55:00 +0900",0,2,5,76,0,2,0,0,0,5,0,0,0,0,0,0,0,0,0,0,0,0,0,0,0,0,0,0,0,0,0,0,0,0,60,0,0,4,0,0,9,9,9,2
0,38180,38180,225,5,70,93,47,,0,"Tue, 17 May 2016 11:56:00 +0900",0,2,8,69,0,2,0,0,0,2,0,0,0,0,0,0,0,0,0,0,0,0,0,0,0,0,0,0,0,0,0,0,0,0,59,0,0,4,0,0,9,9,9,1
0,15910,31280,178,33,65,81,49,,0,"Tue, 17 May 2016 11:57:00 +0900",0,5,10,77,0,2,0,0,0,4,0,0,0,0,0,0,0,0,0,0,0,0,0,0,0,0,0,0,0,0,0,0,0,0,58,0,0,4,0,0,9,9,9,3
11,3152.333,3152.333,173,70,64,88,40,,0,"Tue, 17 May 2016 11:58:00 +0900",2.44898,3.67347,17.14286,67.34694,0,2,0,0,3.67347,18.36735,0,0,0,0,0,0,0,0,0,0,0,0,0,0,0,0,0,0,0,0,0,0,0,0,57,0,0,4,0,0,9,25,1,1
7,1749,8930,167,45,94,151,52,,0,"Tue, 17 May 2016 11:59:00 +0900",2.264151,23.77358,26.03773,41.88679,0,2,0,0,10.18868,28.30189,0,0,0,0,0,0,0,0,0,0,0,0,0,0,0,0,0,0,0,0,0,0,0,0,56,0,0,4,0,0,12,22,12,1
21,1508,1508,153,19,101,147,45,,0,"Tue, 17 May 2016 12:00:00 +0900",1.538462,9.230769,10.76923,38.46154,0,2,0,0,7.692308,35.38462,0,0,0,0,0,0,0,0,0,0,0,0,0,0,0,0,0,0,0,0,0,0,0,0,55,0,0,4,0,0,2,17,25,1
12,1744,1744,168,60,94,155,37,,112,"Tue, 17 May 2016 12:01:00 +0900",1.25,12.5,25,50,0,0,66,60,8.75,35,0,0,0,1,0,0,0,0,1,3,5,2,1,1,0,0,0,0,0,0,0,0,0,0,54,19.04,11.22,4,-6.68,7.64,8,12,18,0
7,1342.667,5880,199,62,95,204,40,,100,"Tue, 17 May 2016 12:02:00 +0900",7.924529,29.43396,29.43396,20.37736,0,0,56,56,20.37736,43.01887,1,0,0,0,0,0,1,0,3,12,17,26,24,13,3,4,0,1,0,0,0,0,0,0,53,16.9,9.45,4,-5.47,6.69,7,2,14,0
7,1192.5,4820,214,82,90,175,34,,104,"Tue, 17 May 2016 12:03:00 +0900",3.396226,32.83019,28.30189,24.90566,0,0,60,60,22.64151,48.67924,0,0,0,0,0,0,0,4,11,15,17,19,13,14,5,3,0,1,0,1,0,0,0,0,52,12.91,8.7,4,-5.12,7.24,1,7,8,0
1,1701.167,6040,192,72,90,217,35,,99,"Tue, 17 May 2016 12:04:00 +0900",2.033898,26.44068,26.44068,38.64407,0,0,61,67,17.28814,35.59322,1,0,1,0,0,0,1,0,2,1,9,6,5,9,2,3,2,1,0,0,0,1,0,0,51,5.47,6.45,4,-6.07,6.25,13,12,13,0
0,1890,5110,175,59,87,173,31,,92,"Tue, 17 May 2016 12:05:00 +0900",2,19,24,49,0,0,59,56,8,30,0,0,0,0,0,0,0,0,0,0,2,5,2,5,5,2,2,1,0,1,0,0,0,0,50,-3.56,2.32,4,-5.58,6.32,13,17,12,0
2,1508,4060,164,53,115,196,43,,0,"Tue, 17 May 2016 12:06:00 +0900",0,7.241379,12.41379,36.2069,0,1,0,0,11.37931,34.13793,0,0,0,0,0,0,0,0,0,0,0,0,0,0,0,0,0,0,0,0,0,0,0,0,49,0,0,4,0,0,9,1,1,2
4,2128,7170,160,38,102,249,48,,0,"Tue, 17 May 2016 12:07:00 +0900",1.071429,6.428572,10.71429,25.71429,0,2,0,0,6.428572,24.64286,0,0,0,0,0,0,0,0,0,0,0,0,0,0,0,0,0,0,0,0,0,0,0,0,48,0,0,4,0,0,1,13,1,1
7,2747.167,6830,182,64,85,138,30,,0,"Tue, 17 May 2016 12:08:00 +0900",0,0,0,37.35849,0,1,0,0,3.396226,20.37736,0,0,0,0,0,0,0,0,0,0,0,0,0,0,0,0,0,0,0,0,0,0,0,0,47,0,0,4,0,0,1,1,25,2
10,2158.333,9740,185,58,92,137,34,,0,"Tue, 17 May 2016 12:09:00 +0900",0,21.6,24,27.6,0,2,0,0,9.599999,27.6,0,0,0,0,0,0,0,0,0,0,0,0,0,0,0,0,0,0,0,0,0,0,0,0,46,0,0,4,0,0,12,6,2,2
0,2060,6450,166,35,84,138,36,,0,"Tue, 17 May 2016 12:10:00 +0900",0,25,19,34,0,2,0,0,7,29,0,0,0,0,0,0,0,0,0,0,0,0,0,0,0,0,0,0,0,0,0,0,0,0,45,0,0,4,0,0,13,7,13,2
6,1890,5700,161,36,93,187,40,,0,"Tue, 17 May 2016 12:11:00 +0900",8.888889,37.77778,22.22222,34.44445,0,1,0,0,14.44444,32.22222,0,0,0,0,0,0,0,0,0,0,0,0,0,0,0,0,0,0,0,0,0,0,0,0,44,0,0,4,0,0,25,12,13,3
9,2694.5,13200,194,76,90,199,33,,0,"Tue, 17 May 2016 12:12:00 +0900",10.58824,42.35294,25.88235,29.41176,0,3,0,0,7.058824,22.35294,0,0,0,0,0,0,0,0,0,0,0,0,0,0,0,0,0,0,0,0,0,0,0,0,43,0,0,4,0,0,1,17,12,2
17,2838,2838,147,19,85,208,40,,0,"Tue, 17 May 2016 12:13:00 +0900",8.372093,44.65116,26.51163,34.88372,0,1,0,0,4.186047,20.93023,0,0,0,0,0,0,0,0,0,0,0,0,0,0,0,0,0,0,0,0,0,0,0,0,42,0,0,4,0,0,1,0,17,3
12,1976,1976,177,75,90,196,41,,0,"Tue, 17 May 2016 12:14:00 +0900",5,42.5,32.5,36.25,0,1,0,0,10,28.75,0,0,0,0,0,0,0,0,0,0,0,0,0,0,0,0,0,0,0,0,0,0,0,0,41,0,0,4,0,0,13,12,6,2
5,2585,18540,179,60,73,164,35,,0,"Tue, 17 May 2016 12:15:00 +0900",4.363636,24,19.63636,64.36364,0,3,0,0,7.636364,21.81818,0,0,0,0,0,0,0,0,0,0,0,0,0,0,0,0,0,0,0,0,0,0,0,0,40,0,0,4,0,0,1,12,18,2
13,2976.667,2976.667,181,67,85,125,51,,0,"Tue, 17 May 2016 12:16:00 +0900",11.48936,37.02127,15.31915,40.85106,0,2,0,0,5.106383,17.87234,0,0,0,0,0,0,0,0,0,0,0,0,0,0,0,0,0,0,0,0,0,0,0,0,39,0,0,4,0,0,12,12,12,1
14,2031.667,2031.667,159,30,84,132,40,,0,"Tue, 17 May 2016 12:17:00 +0900",10.43478,50.86956,36.52174,33.91304,0,2,0,0,6.521739,19.56522,0,0,0,0,0,0,0,0,0,0,0,0,0,0,0,0,0,0,0,0,0,0,0,0,38,0,0,4,0,0,1,12,12,2
3,1729,8580,164,50,113,200,38,,0,"Tue, 17 May 2016 12:18:00 +0900",9.473684,34.73684,23.15789,34.73684,0,2,0,0,12.63158,34.73684,0,0,0,0,0,0,0,0,0,0,0,0,0,0,0,0,0,0,0,0,0,0,0,0,37,0,0,4,0,0,12,12,6,2
9,1700,13910,183,59,73,135,39,,0,"Tue, 17 May 2016 12:19:00 +0900",11.76471,22.35294,12.94118,35.29412,0,3,0,0,20,35.29412,0,0,0,0,0,0,0,0,0,0,0,0,0,0,0,0,0,0,0,0,0,0,0,0,36,0,0,4,0,0,12,1,12,3
5,2612.5,9970,168,47,70,123,42,,0,"Tue, 17 May 2016 12:20:00 +0900",12,34.90909,18.54545,34.90909,0,3,0,0,7.636364,22.90909,0,0,0,0,0,0,0,0,0,0,0,0,0,0,0,0,0,0,0,0,0,0,0,0,35,0,0,4,0,0,11,13,12,3
2,2165.333,7420,185,73,82,144,45,,0,"Tue, 17 May 2016 12:21:00 +0900",9.310345,43.44827,36.2069,51.72414,0,2,0,0,8.275862,26.89655,0,0,0,0,0,0,0,0,0,0,0,0,0,0,0,0,0,0,0,0,0,0,0,0,34,0,0,4,0,0,12,1,12,2
0,1640,8130,159,26,92,189,42,,0,"Tue, 17 May 2016 12:22:00 +0900",1,18,28,53,0,2,0,0,13,35,0,0,0,0,0,0,0,0,0,0,0,0,0,0,0,0,0,0,0,0,0,0,0,0,33,0,0,4,0,0,17,12,12,3
0,1870,4820,158,35,89,139,36,,0,"Tue, 17 May 2016 12:23:00 +0900",3,21,29,43,0,1,0,0,8,32,0,0,0,0,0,0,0,0,0,0,0,0,0,0,0,0,0,0,0,0,0,0,0,0,32,0,0,4,0,0,7,12,18,1
0,1540,4560,166,49,79,176,36,,0,"Tue, 17 May 2016 12:24:00 +0900",5,24,26,42,0,1,0,0,16,39,0,0,0,0,0,0,0,0,0,0,0,0,0,0,0,0,0,0,0,0,0,0,0,0,32,0,0,4,0,0,13,13,6,2
0,1400,5910,166,36,105,166,38,,124,"Tue, 17 May 2016 12:25:00 +0900",1,31,32,33,0,0,59,64,16,36,1,0,0,1,0,4,6,13,11,8,2,2,1,1,0,0,0,0,0,0,0,0,0,0,31,4.36,10.3,4,-4.41,7.32,14,12,11,0
1,2222.333,8340,150,11,102,189,35,,0,"Tue, 17 May 2016 12:26:00 +0900",2.033898,22.37288,28.47458,51.86441,0,2,0,0,8.135593,26.44068,0,0,0,0,0,0,0,0,0,0,0,0,0,0,0,0,0,0,0,0,0,0,0,0,30,0,0,4,0,0,13,6,25,2
1,1475,7880,179,68,87,191,38,,0,"Tue, 17 May 2016 12:27:00 +0900",3.050847,19.32203,27.45763,46.77966,0,2,0,0,18.30508,40.67797,0,0,0,0,0,0,0,0,0,0,0,0,0,0,0,0,0,0,0,0,0,0,0,0,29,0,0,4,0,0,15,13,17,2
0,1660,5810,151,25,96,186,36,,0,"Tue, 17 May 2016 12:28:00 +0900",3,16,27,49,0,2,0,0,14,36,0,0,0,0,0,0,0,0,0,0,0,0,0,0,0,0,0,0,0,0,0,0,0,0,28,0,0,4,0,0,7,12,13,2
1,2015.833,9470,166,60,89,141,34,,0,"Tue, 17 May 2016 12:29:00 +0900",1.016949,11.18644,26.44068,49.83051,0,2,0,0,11.18644,30.50848,0,0,0,0,0,0,0,0,0,0,0,0,0,0,0,0,0,0,0,0,0,0,0,0,27,0,0,4,0,0,12,1,12,2
4,1493.333,8560,156,37,100,173,39,,0,"Tue, 17 May 2016 12:30:00 +0900",2.142857,12.85714,20.35714,39.64286,0,2,0,0,20.35714,39.64286,0,0,0,0,0,0,0,0,0,0,0,0,0,0,0,0,0,0,0,0,0,0,0,0,26,0,0,4,0,0,12,5,7,2
1,1652,5020,162,46,81,139,34,,0,"Tue, 17 May 2016 12:31:00 +0900",3.050847,16.27119,23.38983,41.69492,0,1,0,0,12.20339,35.59322,0,0,0,0,0,0,0,0,0,0,0,0,0,0,0,0,0,0,0,0,0,0,0,0,25,0,0,4,0,0,12,13,13,2
1,1730.667,4220,158,35,89,157,41,,0,"Tue, 17 May 2016 12:32:00 +0900",4.067797,13.22034,20.33898,54.91525,0,1,0,0,11.18644,34.57627,0,0,0,0,0,0,0,0,0,0,0,0,0,0,0,0,0,0,0,0,0,0,0,0,24,0,0,4,0,0,12,2,13,2
0,1090,3600,160,34,105,216,48,,0,"Tue, 17 May 2016 12:33:00 +0900",0,14,16,27,0,2,0,0,31,54,0,0,0,0,0,0,0,0,0,0,0,0,0,0,0,0,0,0,0,0,0,0,0,0,23,0,0,4,0,0,7,12,2,2
0,1790,5850,163,48,80,171,45,,0,"Tue, 17 May 2016 12:34:00 +0900",0,9,31,43,0,2,0,0,6,33,0,0,0,0,0,0,0,0,0,0,0,0,0,0,0,0,0,0,0,0,0,0,0,0,22,0,0,4,0,0,7,12,12,1
1,1435.667,4850,151,29,84,195,35,,0,"Tue, 17 May 2016 12:35:00 +0900",2.033898,16.27119,28.47458,38.64407,0,2,0,0,18.30508,39.66102,0,0,0,0,0,0,0,0,0,0,0,0,0,0,0,0,0,0,0,0,0,0,0,0,21,0,0,4,0,0,6,12,18,2
0,1590,6190,159,33,85,133,30,,99,"Tue, 17 May 2016 12:36:00 +0900",0,12,25,37,0,0,61,63,19,37,1,0,0,0,0,0,0,1,0,3,0,5,5,2,0,0,0,0,0,0,0,0,0,0,20,3.22,7.93,4,-0.57,4.74,12,12,11,0
1,1947,9290,183,69,81,149,31,,106,"Tue, 17 May 2016 12:37:00 +0900",2.033898,13.22034,21.35593,47.79661,0,0,68,56,10.16949,30.50848,1,0,0,0,0,0,0,1,2,3,3,3,0,1,0,0,0,0,0,0,0,0,0,0,19,3.35,8.14,4,-2.5,5.64,2,1,1,0
0,1990,11930,153,34,86,157,33,,0,"Tue, 17 May 2016 12:38:00 +0900",7,28,26,39,0,2,0,0,13,30,0,0,0,0,0,0,0,0,0,0,0,0,0,0,0,0,0,0,0,0,0,0,0,0,18,0,0,4,0,0,7,1,6,2
0,1970,9250,172,40,89,206,43,,0,"Tue, 17 May 2016 12:39:00 +0900",8,18,24,54,0,2,0,0,15,31,0,0,0,0,0,0,0,0,0,0,0,0,0,0,0,0,0,0,0,0,0,0,0,0,17,0,0,4,0,0,12,12,12,1
5,1200.833,7240,176,67,108,227,41,,0,"Tue, 17 May 2016 12:40:00 +0900",4.363636,18.54545,24,45.81818,0,2,0,0,26.18182,48,0,0,0,0,0,0,0,0,0,0,0,0,0,0,0,0,0,0,0,0,0,0,0,0,16,0,0,4,0,0,12,12,12,2
6,1791,14600,169,45,86,213,39,,0,"Tue, 17 May 2016 12:41:00 +0900",20,35.55556,28.88889,37.77778,0,3,0,0,15.55556,31.11111,0,0,0,0,0,0,0,0,0,0,0,0,0,0,0,0,0,0,0,0,0,0,0,0,15,0,0,4,0,0,12,12,6,2
8,1464.667,6850,173,53,95,181,32,,0,"Tue, 17 May 2016 12:42:00 +0900",28.84615,41.53846,31.15385,34.61538,0,2,0,0,16.15385,40.38462,0,0,0,0,0,0,0,0,0,0,0,0,0,0,0,0,0,0,0,0,0,0,0,0,14,0,0,4,0,0,12,12,12,2
16,1672,1672,194,63,77,158,36,,0,"Tue, 17 May 2016 12:43:00 +0900",17.72727,40.90909,32.72727,34.09091,0,1,0,0,12.27273,35.45454,0,0,0,0,0,0,0,0,0,0,0,0,0,0,0,0,0,0,0,0,0,0,0,0,13,0,0,4,0,0,6,12,12,2
9,1190,5380,174,48,85,154,42,,0,"Tue, 17 May 2016 12:44:00 +0900",12.94118,37.64706,28.23529,28.23529,0,2,0,0,25.88235,45.88235,0,0,0,0,0,0,0,0,0,0,0,0,0,0,0,0,0,0,0,0,0,0,0,0,12,0,0,4,0,0,12,12,7,2
10,1450,7730,167,51,85,209,31,,0,"Tue, 17 May 2016 12:45:00 +0900",19.2,32.4,28.8,37.2,0,2,0,0,19.2,42,0,0,0,0,0,0,0,0,0,0,0,0,0,0,0,0,0,0,0,0,0,0,0,0,11,0,0,4,0,0,12,18,12,2
13,1339.5,1339.5,171,50,102,245,40,,0,"Tue, 17 May 2016 12:46:00 +0900",19.14894,44.68085,34.46809,29.3617,0,1,0,0,16.59575,42.12766,0,0,0,0,0,0,0,0,0,0,0,0,0,0,0,0,0,0,0,0,0,0,0,0,10,0,0,4,0,0,7,1,1,2
9,1351.5,7400,169,35,91,180,36,,0,"Tue, 17 May 2016 12:47:00 +0900",20,35.29412,35.29412,42.35294,0,2,0,0,23.52941,43.52941,0,0,0,0,0,0,0,0,0,0,0,0,0,0,0,0,0,0,0,0,0,0,0,0,9,0,0,4,0,0,7,12,12,2
5,1466.667,5690,167,43,101,245,33,,0,"Tue, 17 May 2016 12:48:00 +0900",4.363636,15.27273,28.36364,45.81818,0,2,0,0,16.36364,37.09091,0,0,0,0,0,0,0,0,0,0,0,0,0,0,0,0,0,0,0,0,0,0,0,0,8,0,0,4,0,0,6,12,7,2
16,1114.667,1114.667,172,51,107,217,49,,114,"Tue, 17 May 2016 12:49:00 +0900",6.818182,21.81818,35.45454,31.36364,0,0,59,59,31.36364,54.54546,2,0,0,2,3,4,1,10,12,10,17,14,6,4,0,1,1,0,0,0,1,0,0,0,7,10.11,7.63,4,-6.83,5.45,19,1,13,0
11,1184.167,1184.167,169,45,110,213,43,,116,"Tue, 17 May 2016 12:50:00 +0900",9.795918,53.87755,24.4898,15.91837,0,0,58,58,25.71429,50.20408,1,0,0,0,0,1,5,17,30,24,15,4,7,2,2,0,0,0,0,0,0,0,0,0,6,10.22,7.85,4,-5.02,5.36,13,13,7,0
5,1136.667,6680,187,72,97,175,42,,120,"Tue, 17 May 2016 12:51:00 +0900",16.36364,52.36364,27.27273,16.36364,0,0,56,57,30.54545,53.45454,0,0,0,0,1,2,12,18,39,26,11,8,2,0,0,0,0,0,0,0,0,0,0,0,5,9.34,9.92,4,-6.69,5.41,8,2,14,0
10,1200,4750,186,66,105,277,44,,116,"Tue, 17 May 2016 12:52:00 +0900",7.2,22.8,21.6,43.2,0,0,60,60,24,46.8,2,2,0,1,0,1,2,3,16,7,17,9,2,3,3,3,3,0,1,0,0,0,0,0,4,3.89,8.68,4,-0.68,7.89,17,22,12,0
4,15213.33,29460,153,33,63,85,30,,121,"Tue, 17 May 2016 12:53:00 +0900",7.5,10.71429,6.428572,70.71429,0,0,31,31,0,3.214286,1,1,1,0,0,1,1,0,1,2,1,1,0,2,0,1,0,0,0,0,0,0,0,0,3,-16.43,6.52,4,1.6,31.81,4,4,4,0
2,0,0,0,0,0,0,0,,0,"Tue, 17 May 2016 12:54:00 +0900",0,0,12.41379,75.51724,3,0,0,0,0,0,0,0,0,0,0,0,0,0,0,0,0,0,0,0,0,0,0,0,0,0,0,0,0,0,2,0,0,4,0,0,4,4,13,0
22,4908.333,4908.333,134,22,115,193,63,,0,"Tue, 17 May 2016 12:55:00 +0900",7.894737,15.78947,14.21053,74.21053,0,0,0,0,1.578947,7.894737,0,0,0,0,0,0,0,0,0,0,0,0,0,0,0,0,0,0,0,0,0,0,0,0,1,0,0,4,0,0,14,4,4,0
6,2115,5760,163,46,104,245,52,,0,"Tue, 17 May 2016 12:56:00 +0900",1.111111,3.333333,15.55556,74.44444,0,2,0,0,4.444445,8.888889,0,0,0,0,0,0,0,0,0,0,0,0,0,0,0,0,0,0,0,0,0,0,0,0,0,0,0,4,0,0,8,8,8,2
11,2629.667,2629.667,152,77,78,129,34,,0,"Tue, 17 May 2016 12:57:00 +0900",7.346939,9.795918,18.36735,74.69388,0,2,0,0,3.67347,14.69388,0,0,0,0,0,0,0,0,0,0,0,0,0,0,0,0,0,0,0,0,0,0,0,0,0,0,0,0,0,0,8,14,14,1
6,0,0,0,0,0,0,0,,0,"Tue, 17 May 2016 12:58:00 +0900",0,4.444445,8.888889,84.44444,3,2,0,0,0,0,0,0,0,0,0,0,0,0,0,0,0,0,0,0,0,0,0,0,0,0,0,0,0,0,0,0,0,0,0,0,9,8,13,1
0,0,0,170,0,33,33,33,,0,"Tue, 17 May 2016 12:59:00 +0900",0,1,10,81,0,2,0,0,0,1,0,0,0,0,0,0,0,0,0,0,0,0,0,0,0,0,0,0,0,0,0,0,0,0,0,0,0,0,0,0,13,13,8,1
0,0,0,0,0,0,0,0,,0,"Tue, 17 May 2016 13:00:00 +0900",0,0,4,87,3,2,0,0,0,0,0,0,0,0,0,0,0,0,0,0,0,0,0,0,0,0,0,0,0,0,0,0,0,0,0,0,0,0,0,0,13,13,13,1
1,1917.5,1950,175,75,47,51,43,,0,"Tue, 17 May 2016 13:01:00 +0900",1.016949,2.033898,8.135593,74.23729,0,2,0,0,0,2.033898,0,0,0,0,0,0,0,0,0,0,0,0,0,0,0,0,0,0,0,0,0,0,0,0,0,0,0,0,0,0,13,13,13,1
0,6040,28080,180,81,62,119,34,,0,"Tue, 17 May 2016 13:02:00 +0900",1,7,11,73,0,3,0,0,3,7,0,0,0,0,0,0,0,0,0,0,0,0,0,0,0,0,0,0,0,0,0,0,0,0,0,0,0,0,0,0,13,13,13,1
0,0,0,0,0,0,0,0,,0,"Tue, 17 May 2016 13:03:00 +0900",0,0,3,48,3,3,0,0,0,0,0,0,0,0,0,0,0,0,0,0,0,0,0,0,0,0,0,0,0,0,0,0,0,0,0,0,0,0,0,0,13,13,13,2
0,0,0,0,0,0,0,0,,0,"Tue, 17 May 2016 13:04:00 +0900",0,0,1,56,3,0,0,0,0,0,0,0,0,0,0,0,0,0,0,0,0,0,0,0,0,0,0,0,0,0,0,0,0,0,0,0,0,0,0,0,13,13,13,0
0,0,0,0,0,0,0,0,,0,"Tue, 17 May 2016 13:05:00 +0900",0,0,2,44,3,0,0,0,0,0,0,0,0,0,0,0,0,0,0,0,0,0,0,0,0,0,0,0,0,0,0,0,0,0,0,0,0,0,0,0,13,13,13,0
0,0,0,0,0,0,0,0,,0,"Tue, 17 May 2016 13:06:00 +0900",0,0,4,51,3,0,0,0,0,0,0,0,0,0,0,0,0,0,0,0,0,0,0,0,0,0,0,0,0,0,0,0,0,0,0,0,0,0,0,0,13,13,13,0
0,0,0,0,0,0,0,0,,0,"Tue, 17 May 2016 13:07:00 +0900",0,0,1,56,3,0,0,0,0,0,0,0,0,0,0,0,0,0,0,0,0,0,0,0,0,0,0,0,0,0,0,0,0,0,0,0,0,0,0,0,13,13,13,0
2,261,270,200,50,56,56,56,,0,"Tue, 17 May 2016 13:08:00 +0900",0,0,9.310345,63.10345,0,2,0,0,1.034483,2.068965,0,0,0,0,0,0,0,0,0,0,0,0,0,0,0,0,0,0,0,0,0,0,0,0,0,0,0,0,0,0,13,13,13,1
0,0,0,400,0,78,78,78,,0,"Tue, 17 May 2016 13:09:00 +0900",0,3,9,88,0,2,0,0,0,1,0,0,0,0,0,0,0,0,0,0,0,0,0,0,0,0,0,0,0,0,0,0,0,0,9,0,0,0,0,0,8,13,13,0
0,0,0,0,0,0,0,0,,0,"Tue, 17 May 2016 13:10:00 +0900",0,0,4,83,3,2,0,0,0,0,0,0,0,0,0,0,0,0,0,0,0,0,0,0,0,0,0,0,0,0,0,0,0,0,8,0,0,0,0,0,13,13,13,0
0,0,0,0,0,0,0,0,,0,"Tue, 17 May 2016 13:11:00 +0900",0,0,11,78,3,0,0,0,0,0,0,0,0,0,0,0,0,0,0,0,0,0,0,0,0,0,0,0,0,0,0,0,0,0,7,0,0,0,0,0,13,13,13,0
0,0,0,0,0,0,0,0,,0,"Tue, 17 May 2016 13:12:00 +0900",0,0,12,78,3,0,0,0,0,0,0,0,0,0,0,0,0,0,0,0,0,0,0,0,0,0,0,0,0,0,0,0,0,0,6,0,0,0,0,0,13,13,13,0
0,0,0,0,0,0,0,0,,0,"Tue, 17 May 2016 13:13:00 +0900",0,0,9,68,3,0,0,0,0,0,0,0,0,0,0,0,0,0,0,0,0,0,0,0,0,0,0,0,0,0,0,0,0,0,5,0,0,0,0,0,13,13,13,0
0,7110,13470,157,29,77,110,52,,0,"Tue, 17 May 2016 13:14:00 +0900",0,4,13,84,0,2,0,0,1,3,0,0,0,0,0,0,0,0,0,0,0,0,0,0,0,0,0,0,0,0,0,0,0,0,4,0,0,0,0,0,13,13,13,0
0,0,0,0,0,0,0,0,,0,"Tue, 17 May 2016 13:15:00 +0900",0,3,6,85,3,2,0,0,0,0,0,0,0,0,0,0,0,0,0,0,0,0,0,0,0,0,0,0,0,0,0,0,0,0,3,0,0,0,0,0,13,13,13,3
0,1130,1840,130,14,77,149,41,,0,"Tue, 17 May 2016 13:16:00 +0900",0,4,6,80,0,2,0,0,1,3,0,0,0,0,0,0,0,0,0,0,0,0,0,0,0,0,0,0,0,0,0,0,0,0,2,0,0,0,0,0,13,13,13,2
0,0,0,0,0,0,0,0,,0,"Tue, 17 May 2016 13:17:00 +0900",0,0,7,75,3,2,0,0,0,0,0,0,0,0,0,0,0,0,0,0,0,0,0,0,0,0,0,0,0,0,0,0,0,0,1,0,0,0,0,0,13,13,13,1
0,0,0,0,0,0,0,0,,0,"Tue, 17 May 2016 13:18:00 +0900",0,0,8,87,3,0,0,0,0,0,0,0,0,0,0,0,0,0,0,0,0,0,0,0,0,0,0,0,0,0,0,0,0,0,0,0,0,0,0,0,13,13,13,0
5,10587.5,41540,158,87,66,95,52,,0,"Tue, 17 May 2016 13:19:00 +0900",2.181818,2.181818,12,75.27273,0,3,0,0,3.272727,6.545455,0,0,0,0,0,0,0,0,0,0,0,0,0,0,0,0,0,0,0,0,0,0,0,0,0,0,0,0,0,0,12,12,12,0
2,290,300,150,0,77,114,40,,0,"Tue, 17 May 2016 13:20:00 +0900",1.034483,2.068965,11.37931,75.51724,0,2,0,0,1.034483,2.068965,0,0,0,0,0,0,0,0,0,0,0,0,0,0,0,0,0,0,0,0,0,0,0,0,0,0,0,0,0,0,12,14,13,0
0,0,0,0,0,0,0,0,,0,"Tue, 17 May 2016 13:21:00 +0900",0,0,1,47,3,2,0,0,0,0,0,0,0,0,0,0,0,0,0,0,0,0,0,0,0,0,0,0,0,0,0,0,0,0,0,0,0,0,0,0,13,13,13,0
0,0,0,0,0,0,0,0,,0,"Tue, 17 May 2016 13:22:00 +0900",0,0,2,61,3,0,0,0,0,0,0,0,0,0,0,0,0,0,0,0,0,0,0,0,0,0,0,0,0,0,0,0,0,0,0,0,0,0,0,0,13,13,13,0
0,0,0,0,0,0,0,0,,0,"Tue, 17 May 2016 13:23:00 +0900",0,0,1,69,3,0,0,0,0,0,0,0,0,0,0,0,0,0,0,0,0,0,0,0,0,0,0,0,0,0,0,0,0,0,0,0,0,0,0,0,13,13,13,0
0,0,0,0,0,0,0,0,,0,"Tue, 17 May 2016 13:24:00 +0900",0,0,4,58,3,0,0,0,0,0,0,0,0,0,0,0,0,0,0,0,0,0,0,0,0,0,0,0,0,0,0,0,0,0,0,0,0,0,0,0,13,13,13,0
1,0,0,120,0,53,53,53,,0,"Tue, 17 May 2016 13:25:00 +0900",0,5.084746,7.118644,72.20339,0,2,0,0,0,1.016949,0,0,0,0,0,0,0,0,0,0,0,0,0,0,0,0,0,0,0,0,0,0,0,0,0,0,0,0,0,0,13,13,8,1
0,270,270,140,0,80,116,43,,0,"Tue, 17 May 2016 13:26:00 +0900",0,0,9,88,0,2,0,0,1,2,0,0,0,0,0,0,0,0,0,0,0,0,0,0,0,0,0,0,0,0,0,0,0,0,0,0,0,0,0,0,13,13,8,1
0,0,0,0,0,0,0,0,,0,"Tue, 17 May 2016 13:27:00 +0900",0,0,6,79,3,2,0,0,0,0,0,0,0,0,0,0,0,0,0,0,0,0,0,0,0,0,0,0,0,0,0,0,0,0,0,0,0,0,0,0,13,13,13,1
3,1957,2890,183,77,94,131,49,,0,"Tue, 17 May 2016 13:28:00 +0900",1.052632,4.210526,6.31579,77.89474,0,2,0,0,0,3.157895,0,0,0,0,0,0,0,0,0,0,0,0,0,0,0,0,0,0,0,0,0,0,0,0,0,0,0,0,0,0,13,8,13,1
0,10840,10840,155,5,37,38,36,,0,"Tue, 17 May 2016 13:29:00 +0900",0,0,3,86,0,2,0,0,0,2,0,0,0,0,0,0,0,0,0,0,0,0,0,0,0,0,0,0,0,0,0,0,0,0,0,0,0,0,0,0,13,13,13,1
6,0,0,150,0,64,64,64,,0,"Tue, 17 May 2016 13:30:00 +0900",1.111111,5.555555,20,63.33334,0,2,0,0,0,1.111111,0,0,0,0,0,0,0,0,0,0,0,0,0,0,0,0,0,0,0,0,0,0,0,0,0,0,0,0,0,0,14,10,9,1
0,0,0,0,0,0,0,0,,0,"Tue, 17 May 2016 13:31:00 +0900",0,0,5,80,3,2,0,0,0,0,0,0,0,0,0,0,0,0,0,0,0,0,0,0,0,0,0,0,0,0,0,0,0,0,0,0,0,0,0,0,9,9,9,1
0,0,0,0,0,0,0,0,,0,"Tue, 17 May 2016 13:32:00 +0900",0,0,9,89,3,0,0,0,0,0,0,0,0,0,0,0,0,0,0,0,0,0,0,0,0,0,0,0,0,0,0,0,0,0,0,0,0,0,0,0,9,9,9,0
0,0,0,0,0,0,0,0,,0,"Tue, 17 May 2016 13:33:00 +0900",0,0,7,82,3,0,0,0,0,0,0,0,0,0,0,0,0,0,0,0,0,0,0,0,0,0,0,0,0,0,0,0,0,0,0,0,0,0,0,0,9,9,9,0
0,0,0,0,0,0,0,0,,0,"Tue, 17 May 2016 13:34:00 +0900",0,0,8,92,3,0,0,0,0,0,0,0,0,0,0,0,0,0,0,0,0,0,0,0,0,0,0,0,0,0,0,0,0,0,0,0,0,0,0,0,9,9,9,0
0,0,0,150,0,46,46,46,,0,"Tue, 17 May 2016 13:35:00 +0900",0,0,5,80,0,2,0,0,0,1,0,0,0,0,0,0,0,0,0,0,0,0,0,0,0,0,0,0,0,0,0,0,0,0,0,0,0,0,0,0,9,14,9,1
0,0,0,0,0,0,0,0,,0,"Tue, 17 May 2016 13:36:00 +0900",0,0,8,97,3,2,0,0,0,0,0,0,0,0,0,0,0,0,0,0,0,0,0,0,0,0,0,0,0,0,0,0,0,0,0,0,0,0,0,0,9,9,9,1
2,9357.333,25760,146,8,49,73,32,,0,"Tue, 17 May 2016 13:37:00 +0900",0,2.068965,13.44828,83.79311,0,2,0,0,0,5.172414,0,0,0,0,0,0,0,0,0,0,0,0,0,0,0,0,0,0,0,0,0,0,0,0,0,0,0,0,0,0,9,12,7,1
4,4022.667,16400,164,61,61,113,34,,0,"Tue, 17 May 2016 13:38:00 +0900",0,5.357143,18.21429,36.42857,0,3,0,0,1.071429,9.642857,0,0,0,0,0,0,0,0,0,0,0,0,0,0,0,0,0,0,0,0,0,0,0,0,1,0,0,5,0,0,7,10,20,0
2,2030,8250,163,72,90,206,36,,0,"Tue, 17 May 2016 13:39:00 +0900",12.41379,30,30,72.4138,0,2,0,0,13.44828,28.96552,0,0,0,0,0,0,0,0,0,0,0,0,0,0,0,0,0,0,0,0,0,0,0,0,0,0,0,5,0,0,20,20,9,0
0,0,0,0,0,0,0,0,,0,"Tue, 17 May 2016 13:40:00 +0900",1,1,8,95,3,0,0,0,0,0,0,0,0,0,0,0,0,0,0,0,0,0,0,0,0,0,0,0,0,0,0,0,0,0,6,0,0,5,0,0,9,14,9,0
2,7124.333,17950,173,58,78,141,44,,0,"Tue, 17 May 2016 13:41:00 +0900",0,6.206897,21.72414,87.93104,0,2,0,0,2.068965,6.206897,0,0,0,0,0,0,0,0,0,0,0,0,0,0,0,0,0,0,0,0,0,0,0,0,5,0,0,5,0,0,4,10,25,0
2,1160,2150,198,110,105,182,46,,0,"Tue, 17 May 2016 13:42:00 +0900",2.068965,7.241379,17.58621,72.4138,0,2,0,0,2.068965,5.172414,0,0,0,0,0,0,0,0,0,0,0,0,0,0,0,0,0,0,0,0,0,0,0,0,4,0,0,5,0,0,10,4,4,0
2,3702.333,7180,138,34,81,137,37,,0,"Tue, 17 May 2016 13:43:00 +0900",0,2.068965,12.41379,50.68966,0,2,0,0,1.034483,5.172414,0,0,0,0,0,0,0,0,0,0,0,0,0,0,0,0,0,0,0,0,0,0,0,0,3,0,0,5,0,0,4,0,15,1
0,0,0,0,0,0,0,0,,0,"Tue, 17 May 2016 13:44:00 +0900",0,0,14,84,3,2,0,0,0,0,0,0,0,0,0,0,0,0,0,0,0,0,0,0,0,0,0,0,0,0,0,0,0,0,2,0,0,5,0,0,15,15,15,1
10,2875,15390,200,76,97,188,39,,0,"Tue, 17 May 2016 13:45:00 +0900",3.6,6,9.599999,82.8,0,3,0,0,6,13.2,0,0,0,0,0,0,0,0,0,0,0,0,0,0,0,0,0,0,0,0,0,0,0,0,1,0,0,5,0,0,25,4,4,1
9,4071.5,25240,135,23,78,145,32,,0,"Tue, 17 May 2016 13:46:00 +0900",1.176471,14.11765,24.70588,70.58824,0,3,0,0,2.352941,15.29412,0,0,0,0,0,0,0,0,0,0,0,0,0,0,0,0,0,0,0,0,0,0,0,0,0,0,0,5,0,0,4,5,12,2
23,2910.667,2910.667,152,16,77,122,51,,0,"Tue, 17 May 2016 13:47:00 +0900",1.621622,22.7027,12.97297,27.56757,0,3,0,0,6.486486,21.08108,0,0,0,0,0,0,0,0,0,0,0,0,0,0,0,0,0,0,0,0,0,0,0,0,0,0,0,5,0,0,17,2,2,1
14,2369,2369,167,36,86,145,33,,0,"Tue, 17 May 2016 13:48:00 +0900",2.608696,18.26087,7.826087,22.17391,0,1,0,0,10.43478,26.08696,0,0,0,0,0,0,0,0,0,0,0,0,0,0,0,0,0,0,0,0,0,0,0,0,0,0,0,5,0,0,25,12,12,2
6,3069,14280,157,14,89,146,53,,0,"Tue, 17 May 2016 13:49:00 +0900",0,8.888889,7.777778,30,0,2,0,0,3.333333,20,0,0,0,0,0,0,0,0,0,0,0,0,0,0,0,0,0,0,0,0,0,0,0,0,0,0,0,5,0,0,1,12,7,1
1,1504.5,4320,161,37,80,137,37,,0,"Tue, 17 May 2016 13:50:00 +0900",0,9.152542,9.152542,14.23729,0,1,0,0,9.152542,36.61017,0,0,0,0,0,0,0,0,0,0,0,0,0,0,0,0,0,0,0,0,0,0,0,0,0,0,0,5,0,0,12,17,11,1
12,1936,1936,163,40,76,113,38,,0,"Tue, 17 May 2016 13:51:00 +0900",0,13.75,15,17.5,0,1,0,0,10,31.25,0,0,0,0,0,0,0,0,0,0,0,0,0,0,0,0,0,0,0,0,0,0,0,0,10,0,0,5,0,0,11,12,12,0
2,1604.667,5070,157,24,84,139,42,,0,"Tue, 17 May 2016 13:52:00 +0900",1.034483,6.206897,5.172414,19.65517,0,2,0,0,15.51724,36.2069,0,0,0,0,0,0,0,0,0,0,0,0,0,0,0,0,0,0,0,0,0,0,0,0,9,0,0,5,0,0,12,12,1,0
9,2482,11580,151,9,83,145,51,,0,"Tue, 17 May 2016 13:53:00 +0900",1.176471,15.29412,8.235294,23.52941,0,2,0,0,7.058824,24.70588,0,0,0,0,0,0,0,0,0,0,0,0,0,0,0,0,0,0,0,0,0,0,0,0,8,0,0,5,0,0,25,25,25,0
6,2403,6480,150,4,76,132,54,,0,"Tue, 17 May 2016 13:54:00 +0900",0,5.555555,1.111111,20,0,1,0,0,2.222222,23.33333,0,0,0,0,0,0,0,0,0,0,0,0,0,0,0,0,0,0,0,0,0,0,0,0,7,0,0,5,0,0,25,25,25,1
3,1558,5980,159,39,72,110,31,,0,"Tue, 17 May 2016 13:55:00 +0900",1.052632,3.157895,2.105263,14.73684,0,2,0,0,12.63158,35.78947,0,0,0,0,0,0,0,0,0,0,0,0,0,0,0,0,0,0,0,0,0,0,0,0,6,0,0,5,0,0,25,25,25,2
5,2731.667,16290,149,11,76,131,51,,0,"Tue, 17 May 2016 13:56:00 +0900",1.090909,7.636364,6.545455,32.72727,0,2,0,0,4.363636,22.90909,0,0,0,0,0,0,0,0,0,0,0,0,0,0,0,0,0,0,0,0,0,0,0,0,5,0,0,5,0,0,3,7,7,1
2,1962.333,5670,150,5,74,100,42,,0,"Tue, 17 May 2016 13:57:00 +0900",0,2.068965,0,17.58621,0,1,0,0,10.34483,30,0,0,0,0,0,0,0,0,0,0,0,0,0,0,0,0,0,0,0,0,0,0,0,0,4,0,0,5,0,0,7,7,12,1
9,2337.5,5970,165,53,79,184,43,,0,"Tue, 17 May 2016 13:58:00 +0900",0,3.529412,4.705883,22.35294,0,1,0,0,4.705883,25.88235,0,0,0,0,0,0,0,0,0,0,0,0,0,0,0,0,0,0,0,0,0,0,0,0,3,0,0,5,0,0,13,7,7,1
16,1628,1628,154,33,75,150,37,,0,"Tue, 17 May 2016 13:59:00 +0900",0,9.545454,8.181818,21.81818,0,1,0,0,16.36364,34.09091,0,0,0,0,0,0,0,0,0,0,0,0,0,0,0,0,0,0,0,0,0,0,0,0,2,0,0,5,0,0,7,12,12,2
2,1517.667,6190,153,6,95,158,53,,0,"Tue, 17 May 2016 14:00:00 +0900",1.034483,6.206897,10.34483,18.62069,0,2,0,0,15.51724,36.2069,0,0,0,0,0,0,0,0,0,0,0,0,0,0,0,0,0,0,0,0,0,0,0,0,1,0,0,5,0,0,12,12,17,1
0,1390,4340,165,43,91,149,36,,0,"Tue, 17 May 2016 14:01:00 +0900",0,8,5,16,0,2,0,0,20,42,0,0,0,0,0,0,0,0,0,0,0,0,0,0,0,0,0,0,0,0,0,0,0,0,0,0,0,5,0,0,12,17,17,1
0,1750,8680,166,48,89,172,40,,0,"Tue, 17 May 2016 14:02:00 +0900",0,14,11,28,0,2,0,0,13,34,0,0,0,0,0,0,0,0,0,0,0,0,0,0,0,0,0,0,0,0,0,0,0,0,6,0,0,5,0,0,12,12,11,0
6,2043,12860,173,58,84,142,30,,0,"Tue, 17 May 2016 14:03:00 +0900",0,12.22222,12.22222,21.11111,0,2,0,0,10,30,0,0,0,0,0,0,0,0,0,0,0,0,0,0,0,0,0,0,0,0,0,0,0,0,5,0,0,5,0,0,17,13,12,0
0,1500,6150,156,30,86,154,40,,0,"Tue, 17 May 2016 14:04:00 +0900",0,10,12,29,0,2,0,0,14,39,0,0,0,0,0,0,0,0,0,0,0,0,0,0,0,0,0,0,0,0,0,0,0,0,4,0,0,5,0,0,17,11,7,0
0,1710,5460,160,37,93,182,53,,0,"Tue, 17 May 2016 14:05:00 +0900",0,8,11,32,0,2,0,0,12,33,0,0,0,0,0,0,0,0,0,0,0,0,0,0,0,0,0,0,0,0,0,0,0,0,3,0,0,5,0,0,25,12,7,1
2,1285.667,6570,156,21,82,146,32,,0,"Tue, 17 May 2016 14:06:00 +0900",0,13.44828,10.34483,28.96552,0,2,0,0,20.68966,42.41379,0,0,0,0,0,0,0,0,0,0,0,0,0,0,0,0,0,0,0,0,0,0,0,0,2,0,0,5,0,0,17,12,12,1
4,1782.667,8700,157,36,91,181,37,,0,"Tue, 17 May 2016 14:07:00 +0900",3.214286,24.64286,18.21429,30,0,2,0,0,13.92857,34.28572,0,0,0,0,0,0,0,0,0,0,0,0,0,0,0,0,0,0,0,0,0,0,0,0,1,0,0,5,0,0,11,5,12,2
0,1580,5450,162,43,91,188,39,,0,"Tue, 17 May 2016 14:08:00 +0900",1,20,17,19,0,2,0,0,15,38,0,0,0,0,0,0,0,0,0,0,0,0,0,0,0,0,0,0,0,0,0,0,0,0,0,0,0,5,0,0,12,25,12,1
0,1700,4950,151,11,84,165,39,,0,"Tue, 17 May 2016 14:09:00 +0900",0,10,12,22,0,1,0,0,11,35,0,0,0,0,0,0,0,0,0,0,0,0,0,0,0,0,0,0,0,0,0,0,0,0,36,0,0,5,0,0,12,12,12,0
0,1090,3180,156,36,86,128,34,,0,"Tue, 17 May 2016 14:10:00 +0900",0,2,7,8,0,1,0,0,30,53,0,0,0,0,0,0,0,0,0,0,0,0,0,0,0,0,0,0,0,0,0,0,0,0,35,0,0,5,0,0,17,13,12,0
0,1580,4300,156,32,97,157,47,,0,"Tue, 17 May 2016 14:11:00 +0900",0,5,15,27,0,1,0,0,10,37,0,0,0,0,0,0,0,0,0,0,0,0,0,0,0,0,0,0,0,0,0,0,0,0,34,0,0,5,0,0,12,17,17,0
0,1850,7660,165,40,120,294,35,,0,"Tue, 17 May 2016 14:12:00 +0900",0,10,19,28,0,2,0,0,9,32,0,0,0,0,0,0,0,0,0,0,0,0,0,0,0,0,0,0,0,0,0,0,0,0,33,0,0,5,0,0,12,12,2,2
4,1680,5930,192,68,105,186,41,,0,"Tue, 17 May 2016 14:13:00 +0900",1.071429,17.14286,27.85714,33.21428,0,2,0,0,11.78571,33.21428,0,0,0,0,0,0,0,0,0,0,0,0,0,0,0,0,0,0,0,0,0,0,0,0,32,0,0,5,0,0,12,25,5,2
4,1708,6610,167,37,86,149,46,,118,"Tue, 17 May 2016 14:14:00 +0900",1.071429,13.92857,28.92857,47.14286,0,0,57,53,15,33.21428,2,0,0,1,0,1,5,4,5,4,5,1,1,1,0,0,0,0,0,0,0,0,0,0,31,4.57,6.08,5,-0.01,6.69,0,17,11,0
3,1700.5,6470,162,40,91,155,40,,0,"Tue, 17 May 2016 14:15:00 +0900",7.368421,21.05263,35.78947,49.47369,0,2,0,0,12.63158,32.63158,0,0,0,0,0,0,0,0,0,0,0,0,0,0,0,0,0,0,0,0,0,0,0,0,30,0,0,5,0,0,6,12,12,2
2,1334,5830,176,42,89,212,35,,113,"Tue, 17 May 2016 14:16:00 +0900",3.103448,33.10345,32.06897,32.06897,0,0,63,61,20.68966,45.51724,1,0,0,0,0,1,5,5,26,17,12,8,7,3,1,0,0,0,0,0,0,0,0,1,29,1.02,6.13,5,0.23,5.9,12,12,11,0
5,990,4050,196,56,104,189,36,,118,"Tue, 17 May 2016 14:17:00 +0900",6.545455,42.54545,19.63636,16.36364,0,0,60,62,36,58.90909,1,0,0,0,2,0,6,13,41,33,14,4,3,0,0,0,0,0,0,0,0,0,0,0,28,15.88,7.17,5,0.63,5.89,7,25,18,0
9,1394,6700,173,41,106,221,39,,114,"Tue, 17 May 2016 14:18:00 +0900",3.529412,32.94118,28.23529,31.76471,0,0,60,62,21.17647,43.52941,0,0,0,0,0,1,3,11,17,22,14,9,10,2,0,0,0,0,0,0,0,0,0,0,27,5.79,8.04,5,1.15,6.27,12,25,6,0
3,1168.5,5700,184,65,74,186,35,,122,"Tue, 17 May 2016 14:19:00 +0900",3.157895,27.36842,30.52632,30.52632,0,0,56,57,30.52632,51.57895,0,1,0,1,5,8,13,8,11,17,7,5,5,1,3,3,1,1,0,1,0,0,0,0,26,19.71,7.38,5,2.14,6.08,1,25,17,0
10,1158.333,6800,187,61,94,163,32,,133,"Tue, 17 May 2016 14:20:00 +0900",0,54,40.8,16.8,0,0,56,61,22.8,51.6,0,1,3,10,4,8,16,25,38,8,5,1,0,3,1,0,0,0,1,0,0,0,0,0,25,11.36,5.12,5,0.16,3.74,5,10,12,0
17,1440.5,1440.5,186,71,122,259,37,,173,"Tue, 17 May 2016 14:21:00 +0900",8.372093,32.09303,22.32558,29.30233,0,0,33,34,20.93023,39.06977,0,0,13,37,14,4,0,0,1,1,1,0,0,0,0,0,0,0,0,0,0,0,0,0,24,6.28,6.43,5,1.67,2.51,11,10,7,0
15,1567.5,1567.5,185,65,97,157,32,,0,"Tue, 17 May 2016 14:22:00 +0900",4,16,8,30.66667,0,1,0,0,14.66667,30.66667,0,0,0,0,0,0,0,0,0,0,0,0,0,0,0,0,0,0,0,0,0,0,0,0,23,0,0,5,0,0,25,12,2,1
8,3865.333,11850,146,7,78,96,48,,0,"Tue, 17 May 2016 14:23:00 +0900",4.615385,6.923077,1.153846,30,0,2,0,0,1.153846,16.15385,0,0,0,0,0,0,0,0,0,0,0,0,0,0,0,0,0,0,0,0,0,0,0,0,22,0,0,5,0,0,25,25,2,1
10,3750,12550,142,14,75,102,31,,0,"Tue, 17 May 2016 14:24:00 +0900",4.8,12,6,33.6,0,3,0,0,1.2,15.6,0,0,0,0,0,0,0,0,0,0,0,0,0,0,0,0,0,0,0,0,0,0,0,0,21,0,0,5,0,0,25,25,25,2
4,3201.333,6490,150,7,85,171,39,,0,"Tue, 17 May 2016 14:25:00 +0900",0,2.142857,2.142857,32.14286,0,1,0,0,2.142857,18.21429,0,0,0,0,0,0,0,0,0,0,0,0,0,0,0,0,0,0,0,0,0,0,0,0,20,0,0,5,0,0,25,25,25,1
0,4750,10120,148,4,80,105,57,,0,"Tue, 17 May 2016 14:26:00 +0900",0,2,0,25,0,2,0,0,0,13,0,0,0,0,0,0,0,0,0,0,0,0,0,0,0,0,0,0,0,0,0,0,0,0,19,0,0,5,0,0,25,25,25,1
0,2700,6570,148,9,84,141,57,,0,"Tue, 17 May 2016 14:27:00 +0900",0,0,0,21,0,1,0,0,4,21,0,0,0,0,0,0,0,0,0,0,0,0,0,0,0,0,0,0,0,0,0,0,0,0,18,0,0,5,0,0,25,25,25,1
5,2566.667,10620,149,8,94,130,63,,0,"Tue, 17 May 2016 14:28:00 +0900",0,7.636364,1.090909,12,0,3,0,0,10.90909,21.81818,0,0,0,0,0,0,0,0,0,0,0,0,0,0,0,0,0,0,0,0,0,0,0,0,17,0,0,5,0,0,25,25,17,1
24,1764,1764,183,64,91,146,41,,105,"Tue, 17 May 2016 14:29:00 +0900",10,30,16.66667,21.66667,0,0,61,61,15,35,1,0,0,1,0,1,0,1,6,3,11,11,11,4,0,1,0,1,0,0,0,0,0,0,16,4.8,7.15,5,2.9,7.37,25,1,6,0
1,1219.333,3290,216,72,116,260,45,,105,"Tue, 17 May 2016 14:30:00 +0900",1.016949,39.66102,29.49152,15.25424,0,0,62,64,24.40678,47.79661,0,0,0,0,0,0,0,6,16,10,16,24,11,9,5,3,2,1,1,0,0,0,0,0,15,5.68,6.36,5,1.86,6.4,6,17,17,0
7,2517.5,14860,161,33,100,212,40,,102,"Tue, 17 May 2016 14:31:00 +0900",0,11.32076,16.98113,66.79246,0,0,61,45,5.660378,14.71698,0,0,0,1,0,0,0,0,0,1,0,0,1,2,0,1,1,0,1,0,0,0,0,0,14,2.68,8.2,5,-1.11,5.41,11,13,13,0
0,12950,12950,125,5,60,75,45,,0,"Tue, 17 May 2016 14:32:00 +0900",0,1,12,97,0,2,0,0,0,2,0,0,0,0,0,0,0,0,0,0,0,0,0,0,0,0,0,0,0,0,0,0,0,0,13,0,0,5,0,0,13,13,13,1
34,1677,1677,171,56,89,157,39,,108,"Tue, 17 May 2016 14:33:00 +0900",20.76923,46.15385,18.46154,18.46154,0,0,68,62,11.53846,32.30769,1,1,0,0,0,3,1,4,0,4,5,9,0,3,2,1,2,0,1,0,0,0,1,0,12,8.71,10.25,5,2.74,3.1,11,12,25,0
26,1116.333,1116.333,206,84,92,192,36,,102,"Tue, 17 May 2016 14:34:00 +0900",5.294118,10.58824,21.17647,30,0,0,58,60,19.41177,44.11765,1,0,0,0,0,0,0,1,9,2,6,6,10,6,3,1,0,0,0,0,0,0,0,0,11,11.4,6.42,5,0.19,6,22,11,25,0
19,2009,2009,170,65,108,254,60,,0,"Tue, 17 May 2016 14:35:00 +0900",7.317073,13.17073,7.317073,35.12195,0,1,0,0,5.853658,26.34146,0,0,0,0,0,0,0,0,0,0,0,0,0,0,0,0,0,0,0,0,0,0,0,0,10,0,0,5,0,0,25,1,1,1
0,2920,6930,143,10,84,130,33,,0,"Tue, 17 May 2016 14:36:00 +0900",0,0,0,13,0,1,0,0,3,21,0,0,0,0,0,0,0,0,0,0,0,0,0,0,0,0,0,0,0,0,0,0,0,0,9,0,0,5,0,0,1,1,1,1
12,3208,3208,145,15,63,87,32,,0,"Tue, 17 May 2016 14:37:00 +0900",3.75,13.75,17.5,30,0,1,0,0,1.25,18.75,0,0,0,0,0,0,0,0,0,0,0,0,0,0,0,0,0,0,0,0,0,0,0,0,8,0,0,5,0,0,2,1,1,1
0,2230,6960,151,30,62,128,42,,0,"Tue, 17 May 2016 14:38:00 +0900",2,6,6,26,0,2,0,0,8,27,0,0,0,0,0,0,0,0,0,0,0,0,0,0,0,0,0,0,0,0,0,0,0,0,7,0,0,5,0,0,1,1,1,1
0,2100,4870,145,11,70,150,42,,0,"Tue, 17 May 2016 14:39:00 +0900",0,0,4,18,0,1,0,0,6,28,0,0,0,0,0,0,0,0,0,0,0,0,0,0,0,0,0,0,0,0,0,0,0,0,6,0,0,5,0,0,1,1,1,1
0,3270,6880,152,27,71,146,42,,0,"Tue, 17 May 2016 14:40:00 +0900",0,0,2,21,0,1,0,0,2,17,0,0,0,0,0,0,0,0,0,0,0,0,0,0,0,0,0,0,0,0,0,0,0,0,5,0,0,5,0,0,1,1,1,1
7,2658.833,8360,172,52,83,138,31,,0,"Tue, 17 May 2016 14:41:00 +0900",4.528302,13.58491,7.924529,31.69811,0,2,0,0,4.528302,22.64151,0,0,0,0,0,0,0,0,0,0,0,0,0,0,0,0,0,0,0,0,0,0,0,0,4,0,0,5,0,0,25,12,25,1
9,2303.5,7260,164,31,96,181,56,,0,"Tue, 17 May 2016 14:42:00 +0900",3.529412,12.94118,5.882353,16.47059,0,2,0,0,4.705883,21.17647,0,0,0,0,0,0,0,0,0,0,0,0,0,0,0,0,0,0,0,0,0,0,0,0,3,0,0,5,0,0,7,7,7,1
0,2240,8580,153,29,94,142,36,,0,"Tue, 17 May 2016 14:43:00 +0900",0,14,3,29,0,2,0,0,8,27,0,0,0,0,0,0,0,0,0,0,0,0,0,0,0,0,0,0,0,0,0,0,0,0,2,0,0,5,0,0,12,12,7,1
0,2150,5310,149,6,84,124,42,,0,"Tue, 17 May 2016 14:44:00 +0900",0,0,0,31,0,1,0,0,5,26,0,0,0,0,0,0,0,0,0,0,0,0,0,0,0,0,0,0,0,0,0,0,0,0,1,0,0,5,0,0,2,2,2,1
0,1610,5160,150,7,88,145,47,,0,"Tue, 17 May 2016 14:45:00 +0900",0,5,0,24,0,2,0,0,14,38,0,0,0,0,0,0,0,0,0,0,0,0,0,0,0,0,0,0,0,0,0,0,0,0,0,0,0,5,0,0,2,2,7,1
2,1624,6020,164,43,98,178,66,,0,"Tue, 17 May 2016 14:46:00 +0900",0,12.41379,1.034483,30,0,2,0,0,12.41379,34.13793,0,0,0,0,0,0,0,0,0,0,0,0,0,0,0,0,0,0,0,0,0,0,0,0,51,0,0,5,0,0,7,18,2,2
2,2445.667,5680,152,12,82,124,47,,0,"Tue, 17 May 2016 14:47:00 +0900",5.172414,9.310345,0,36.2069,0,1,0,0,2.068965,23.7931,0,0,0,0,0,0,0,0,0,0,0,0,0,0,0,0,0,0,0,0,0,0,0,0,50,0,0,5,0,0,2,1,2,2
33,1786.5,1786.5,162,46,70,105,34,,0,"Tue, 17 May 2016 14:48:00 +0900",0,13.33333,8.888889,15.55556,0,1,0,0,4.444445,28.88889,0,0,0,0,0,0,0,0,0,0,0,0,0,0,0,0,0,0,0,0,0,0,0,0,49,0,0,5,0,0,1,2,2,1
1,2900.833,15230,149,9,74,99,47,,0,"Tue, 17 May 2016 14:49:00 +0900",3.050847,8.135593,12.20339,37.62712,0,2,0,0,2.033898,21.35593,0,0,0,0,0,0,0,0,0,0,0,0,0,0,0,0,0,0,0,0,0,0,0,0,48,0,0,5,0,0,2,2,2,1
2,3412.333,12450,161,34,76,145,48,,0,"Tue, 17 May 2016 14:50:00 +0900",2.068965,9.310345,13.44828,50.68966,0,2,0,0,1.034483,17.58621,0,0,0,0,0,0,0,0,0,0,0,0,0,0,0,0,0,0,0,0,0,0,0,0,47,0,0,5,0,0,2,2,2,1
0,2300,6980,153,12,70,122,33,,0,"Tue, 17 May 2016 14:51:00 +0900",2,3,14,40,0,1,0,0,5,26,0,0,0,0,0,0,0,0,0,0,0,0,0,0,0,0,0,0,0,0,0,0,0,0,46,0,0,5,0,0,2,2,2,1
9,1598,5160,227,82,102,201,40,,103,"Tue, 17 May 2016 14:52:00 +0900",9.411765,23.52941,20,27.05882,0,0,63,61,12.94118,36.47059,1,0,0,0,0,0,0,0,3,10,9,4,10,3,4,1,0,0,0,0,0,0,0,0,45,12.99,6.73,5,6.91,5.03,1,12,21,0
1,1199.667,6400,214,63,87,206,45,,111,"Tue, 17 May 2016 14:53:00 +0900",1.016949,45.76271,35.59322,18.30508,0,0,61,64,25.42373,48.81356,0,0,0,0,0,1,2,4,31,19,21,19,11,2,1,0,0,0,0,0,0,0,0,0,44,-3.25,4.9,5,3.04,5.56,18,17,12,0
1,1160.333,5330,225,70,99,185,51,,114,"Tue, 17 May 2016 14:54:00 +0900",3.050847,45.76271,34.57627,16.27119,0,0,60,63,29.49152,51.86441,0,0,0,0,0,0,7,11,26,27,21,12,6,1,1,1,0,0,0,0,0,0,0,0,43,-1.03,5.34,5,1.01,6.1,23,18,11,0
23,1116.167,1116.167,184,72,145,273,64,,117,"Tue, 17 May 2016 14:55:00 +0900",19.45946,56.75676,25.94595,19.45946,0,0,60,64,22.7027,51.89189,0,0,0,0,0,1,8,20,30,23,16,8,8,1,1,0,0,0,0,0,0,0,0,0,42,3.24,5.95,5,-0.66,8.31,12,11,1,0
15,1020,1020,199,73,138,289,44,,115,"Tue, 17 May 2016 14:56:00 +0900",20,38.66667,16,10.66667,0,0,57,59,25.33333,56,0,0,0,0,0,1,4,16,31,27,13,9,3,3,1,2,0,0,1,0,0,0,0,0,41,10.38,6.58,5,3.96,6.18,17,6,25,0
13,1723.333,1723.333,190,75,101,271,37,,92,"Tue, 17 May 2016 14:57:00 +0900",8.93617,20.42553,20.42553,37.02127,0,0,54,56,10.21277,30.6383,0,0,0,0,0,0,1,0,1,3,1,4,3,9,5,8,6,0,0,2,1,0,0,0,40,7.3,5.51,5,3.58,4.04,17,25,2,0
4,2342.667,6100,150,10,69,164,42,,0,"Tue, 17 May 2016 14:58:00 +0900",0,1.071429,11.78571,33.21428,0,1,0,0,2.142857,25.71429,0,0,0,0,0,0,0,0,0,0,0,0,0,0,0,0,0,0,0,0,0,0,0,0,39,0,0,5,0,0,12,1,1,1
0,2160,4870,150,8,57,81,37,,0,"Tue, 17 May 2016 14:59:00 +0900",0,0,5,21,0,1,0,0,2,27,0,0,0,0,0,0,0,0,0,0,0,0,0,0,0,0,0,0,0,0,0,0,0,0,38,0,0,5,0,0,1,1,1,2
7,2155.333,7280,148,9,62,90,37,,0,"Tue, 17 May 2016 15:00:00 +0900",1.132076,2.264151,5.660378,23.77358,0,2,0,0,3.396226,27.16981,0,0,0,0,0,0,0,0,0,0,0,0,0,0,0,0,0,0,0,0,0,0,0,0,37,0,0,5,0,0,1,1,1,1
5,2044.167,4890,149,8,66,168,43,,0,"Tue, 17 May 2016 15:01:00 +0900",2.181818,4.363636,4.363636,20.72727,0,1,0,0,3.272727,29.45455,0,0,0,0,0,0,0,0,0,0,0,0,0,0,0,0,0,0,0,0,0,0,0,0,36,0,0,5,0,0,2,2,10,1
17,1913.5,1913.5,148,22,89,176,48,,0,"Tue, 17 May 2016 15:02:00 +0900",1.395349,11.16279,6.976744,34.88372,0,1,0,0,4.186047,32.09303,0,0,0,0,0,0,0,0,0,0,0,0,0,0,0,0,0,0,0,0,0,0,0,0,35,0,0,5,0,0,2,2,2,1
0,2620,6050,154,28,83,170,37,,0,"Tue, 17 May 2016 15:03:00 +0900",0,5,0,31,0,1,0,0,5,23,0,0,0,0,0,0,0,0,0,0,0,0,0,0,0,0,0,0,0,0,0,0,0,0,34,0,0,5,0,0,7,2,12,1
3,2641,7550,159,39,79,113,45,,0,"Tue, 17 May 2016 15:04:00 +0900",0,2.105263,1.052632,18.94737,0,1,0,0,2.105263,22.10526,0,0,0,0,0,0,0,0,0,0,0,0,0,0,0,0,0,0,0,0,0,0,0,0,33,0,0,5,0,0,7,2,2,1
6,2502,6530,155,29,68,183,34,,0,"Tue, 17 May 2016 15:05:00 +0900",0,6.666667,1.111111,15.55556,0,1,0,0,4.444445,23.33333,0,0,0,0,0,0,0,0,0,0,0,0,0,0,0,0,0,0,0,0,0,0,0,0,32,0,0,5,0,0,6,2,2,1
0,2590,5020,148,8,66,100,40,,0,"Tue, 17 May 2016 15:06:00 +0900",0,0,0,19,0,1,0,0,5,23,0,0,0,0,0,0,0,0,0,0,0,0,0,0,0,0,0,0,0,0,0,0,0,0,31,0,0,5,0,0,7,2,2,1
0,1990,5190,160,34,70,111,33,,0,"Tue, 17 May 2016 15:07:00 +0900",2,4,3,19,0,1,0,0,8,30,0,0,0,0,0,0,0,0,0,0,0,0,0,0,0,0,0,0,0,0,0,0,0,0,30,0,0,5,0,0,2,13,7,1
0,2420,7020,159,42,73,126,41,,0,"Tue, 17 May 2016 15:08:00 +0900",0,2,2,33,0,1,0,0,7,23,0,0,0,0,0,0,0,0,0,0,0,0,0,0,0,0,0,0,0,0,0,0,0,0,29,0,0,5,0,0,1,7,7,2
2,2078.333,6810,157,37,76,119,36,,0,"Tue, 17 May 2016 15:09:00 +0900",2.068965,1.034483,0,27.93104,0,2,0,0,8.275862,27.93104,0,0,0,0,0,0,0,0,0,0,0,0,0,0,0,0,0,0,0,0,0,0,0,0,28,0,0,5,0,0,7,2,2,2
0,2430,4500,150,5,83,102,61,,0,"Tue, 17 May 2016 15:10:00 +0900",0,0,0,23,0,1,0,0,1,23,0,0,0,0,0,0,0,0,0,0,0,0,0,0,0,0,0,0,0,0,0,0,0,0,27,0,0,5,0,0,2,2,2,1
0,2300,10260,147,10,75,108,45,,0,"Tue, 17 May 2016 15:11:00 +0900",0,8,0,41,0,2,0,0,10,26,0,0,0,0,0,0,0,0,0,0,0,0,0,0,0,0,0,0,0,0,0,0,0,0,26,0,0,5,0,0,7,7,12,2
1,2163.333,5550,153,38,78,111,42,,0,"Tue, 17 May 2016 15:12:00 +0900",1.016949,5.084746,3.050847,23.38983,0,1,0,0,7.118644,26.44068,0,0,0,0,0,0,0,0,0,0,0,0,0,0,0,0,0,0,0,0,0,0,0,0,25,0,0,5,0,0,2,7,2,2
0,3130,6130,149,4,84,122,52,,0,"Tue, 17 May 2016 15:13:00 +0900",0,0,0,30,0,1,0,0,1,19,0,0,0,0,0,0,0,0,0,0,0,0,0,0,0,0,0,0,0,0,0,0,0,0,24,0,0,5,0,0,2,7,2,1
0,3910,8490,162,44,68,98,37,,0,"Tue, 17 May 2016 15:14:00 +0900",0,0,1,33,0,1,0,0,1,16,0,0,0,0,0,0,0,0,0,0,0,0,0,0,0,0,0,0,0,0,0,0,0,0,23,0,0,5,0,0,2,2,2,1
0,3350,13180,150,7,74,126,36,,0,"Tue, 17 May 2016 15:15:00 +0900",0,3,3,30,0,3,0,0,4,18,0,0,0,0,0,0,0,0,0,0,0,0,0,0,0,0,0,0,0,0,0,0,0,0,22,0,0,5,0,0,2,2,2,1
2,3325.333,12290,157,39,80,110,49,,0,"Tue, 17 May 2016 15:16:00 +0900",2.068965,9.310345,14.48276,44.48276,0,2,0,0,2.068965,17.58621,0,0,0,0,0,0,0,0,0,0,0,0,0,0,0,0,0,0,0,0,0,0,0,0,21,0,0,5,0,0,2,2,2,1
3,3230,13270,149,9,64,102,38,,0,"Tue, 17 May 2016 15:17:00 +0900",0,10.52632,23.15789,44.21053,0,3,0,0,3.157895,16.84211,0,0,0,0,0,0,0,0,0,0,0,0,0,0,0,0,0,0,0,0,0,0,0,0,20,0,0,5,0,0,2,2,25,1
0,4550,8800,150,7,78,98,55,,0,"Tue, 17 May 2016 15:18:00 +0900",0,3,21,49,0,2,0,0,0,13,0,0,0,0,0,0,0,0,0,0,0,0,0,0,0,0,0,0,0,0,0,0,0,0,64,0,0,5,0,0,25,2,1,1
0,4760,9040,148,7,74,91,51,,0,"Tue, 17 May 2016 15:19:00 +0900",0,2,13,47,0,2,0,0,0,12,0,0,0,0,0,0,0,0,0,0,0,0,0,0,0,0,0,0,0,0,0,0,0,0,63,0,0,5,0,0,25,2,2,1
1,2910.667,8480,165,40,71,92,38,,0,"Tue, 17 May 2016 15:20:00 +0900",0,3.050847,11.18644,48.81356,0,1,0,0,2.033898,20.33898,0,0,0,0,0,0,0,0,0,0,0,0,0,0,0,0,0,0,0,0,0,0,0,0,62,0,0,5,0,0,2,25,25,1
12,2832,2832,151,10,88,263,53,,0,"Tue, 17 May 2016 15:21:00 +0900",2.5,5,16.25,35,0,1,0,0,2.5,20,0,0,0,0,0,0,0,0,0,0,0,0,0,0,0,0,0,0,0,0,0,0,0,0,61,0,0,5,0,0,2,25,2,1
0,3100,7400,146,6,78,97,38,,0,"Tue, 17 May 2016 15:22:00 +0900",0,1,15,39,0,1,0,0,4,19,0,0,0,0,0,0,0,0,0,0,0,0,0,0,0,0,0,0,0,0,0,0,0,0,60,0,0,5,0,0,2,25,2,1
0,3180,14120,158,30,92,221,47,,0,"Tue, 17 May 2016 15:23:00 +0900",2,4,11,36,0,3,0,0,5,19,0,0,0,0,0,0,0,0,0,0,0,0,0,0,0,0,0,0,0,0,0,0,0,0,59,0,0,5,0,0,2,2,25,1
0,4230,15430,146,5,72,102,43,,0,"Tue, 17 May 2016 15:24:00 +0900",0,0,9,45,0,3,0,0,2,14,0,0,0,0,0,0,0,0,0,0,0,0,0,0,0,0,0,0,0,0,0,0,0,0,58,0,0,5,0,0,2,25,25,1
0,6470,11950,147,5,74,92,51,,0,"Tue, 17 May 2016 15:25:00 +0900",1,2,7,40,0,2,0,0,0,10,0,0,0,0,0,0,0,0,0,0,0,0,0,0,0,0,0,0,0,0,0,0,0,0,57,0,0,5,0,0,25,25,25,1
5,2090,7560,175,60,88,152,40,,0,"Tue, 17 May 2016 15:26:00 +0900",9.818181,15.27273,19.63636,41.45454,0,2,0,0,8.727272,25.09091,0,0,0,0,0,0,0,0,0,0,0,0,0,0,0,0,0,0,0,0,0,0,0,0,56,0,0,5,0,0,25,25,12,1
3,1919,5060,186,73,99,185,50,,100,"Tue, 17 May 2016 15:27:00 +0900",13.68421,40,25.26316,37.89474,0,0,60,64,6.31579,29.47368,0,0,0,0,0,0,1,4,8,9,8,15,16,10,10,5,3,2,1,1,1,0,0,0,55,4.39,5.1,5,3.5,5.97,11,13,6,0
7,1024.667,4130,175,73,110,259,30,,112,"Tue, 17 May 2016 15:28:00 +0900",14.71698,37.35849,19.24528,20.37736,0,0,61,58,35.09434,55.4717,1,0,0,0,1,1,6,12,28,16,10,13,5,7,2,4,3,1,0,0,0,0,0,0,54,11.31,5.97,5,-1.35,4.66,2,18,12,0
3,1149.5,4490,187,65,103,183,33,,112,"Tue, 17 May 2016 15:29:00 +0900",7.368421,29.47368,24.21053,24.21053,0,0,59,62,26.31579,51.57895,0,1,0,0,1,1,2,6,20,32,20,11,4,1,4,3,1,1,0,1,0,0,0,0,53,0.42,5.05,5,2.06,5.24,22,12,7,0
4,2538.667,6360,172,61,81,152,34,,93,"Tue, 17 May 2016 15:30:00 +0900",5.357143,13.92857,13.92857,48.21428,0,1,0,29,4.285715,21.42857,0,0,0,0,0,0,0,0,0,0,1,0,1,0,0,1,1,0,0,0,0,0,0,0,52,20.38,9.94,5,1.2,5.84,25,24,13,2
2,2378,8600,168,41,90,248,30,,0,"Tue, 17 May 2016 15:31:00 +0900",9.310345,22.75862,26.89655,52.75862,0,2,0,0,4.137931,25.86207,0,0,0,0,0,0,0,0,0,0,0,0,0,0,0,0,0,0,0,0,0,0,0,0,51,0,0,5,0,0,1,10,12,2
12,1608,1608,157,42,89,139,37,,102,"Tue, 17 May 2016 15:32:00 +0900",20,26.25,20,40,0,0,61,66,15,37.5,0,0,0,0,0,0,0,0,3,2,2,6,3,3,0,0,0,0,0,1,0,0,0,0,50,1,9.31,5,3.35,6.98,7,2,13,0
11,1421,1421,188,67,92,153,39,,109,"Tue, 17 May 2016 15:33:00 +0900",4.897959,35.5102,26.93878,23.26531,0,0,61,64,23.26531,41.63266,0,0,0,0,0,0,1,7,18,20,17,14,11,4,5,0,1,0,0,0,0,0,1,0,49,-0.73,5.71,5,1.83,7.07,7,12,11,0
8,1378,5870,203,81,92,168,34,,105,"Tue, 17 May 2016 15:34:00 +0900",5.769231,25.38461,25.38461,25.38461,0,0,62,66,24.23077,43.84615,0,0,0,0,0,0,3,2,9,12,12,13,9,5,5,2,4,1,0,0,0,0,0,0,49,0,6.67,5,2.46,6.64,16,23,2,0
5,1796.667,6240,204,69,80,163,41,,103,"Tue, 17 May 2016 15:35:00 +0900",5.454545,20.72727,19.63636,38.18182,0,0,65,67,14.18182,33.81818,0,0,0,0,0,0,0,0,3,7,8,11,4,3,4,0,0,0,0,0,1,0,0,0,48,-0.79,3.8,5,0.03,5.46,6,17,6,0
9,2065.5,10090,183,56,91,201,41,,0,"Tue, 17 May 2016 15:36:00 +0900",14.11765,21.17647,23.52941,42.35294,0,2,0,0,8.235294,27.05882,0,0,0,0,0,0,0,0,0,0,0,0,0,0,0,0,0,0,0,0,0,0,0,0,47,0,0,5,0,0,25,12,12,1
5,1879.167,8690,188,63,87,200,44,,0,"Tue, 17 May 2016 15:37:00 +0900",22.90909,30.54545,30.54545,44.72727,0,2,0,0,9.818181,29.45455,0,0,0,0,0,0,0,0,0,0,0,0,0,0,0,0,0,0,0,0,0,0,0,0,46,0,0,5,0,0,25,2,2,2
11,2098.833,2098.833,157,37,71,134,38,,0,"Tue, 17 May 2016 15:38:00 +0900",8.571429,12.2449,15.91837,41.63266,0,1,0,0,7.346939,28.16327,0,0,0,0,0,0,0,0,0,0,0,0,0,0,0,0,0,0,0,0,0,0,0,0,45,0,0,5,0,0,7,7,2,1
6,3654,8680,163,49,70,154,38,,0,"Tue, 17 May 2016 15:39:00 +0900",2.222222,12.22222,30,46.66667,0,1,0,0,0,15.55556,0,0,0,0,0,0,0,0,0,0,0,0,0,0,0,0,0,0,0,0,0,0,0,0,44,0,0,5,0,0,2,1,1,2
9,5567.5,13000,147,12,81,110,38,,0,"Tue, 17 May 2016 15:40:00 +0900",4.705883,10.58824,7.058824,45.88235,0,2,0,0,0,11.76471,0,0,0,0,0,0,0,0,0,0,0,0,0,0,0,0,0,0,0,0,0,0,0,0,43,0,0,5,0,0,7,7,2,2
8,2964,13610,172,57,85,134,40,,0,"Tue, 17 May 2016 15:41:00 +0900",3.461539,12.69231,10.38462,45,0,2,0,0,2.307692,19.61539,0,0,0,0,0,0,0,0,0,0,0,0,0,0,0,0,0,0,0,0,0,0,0,0,42,0,0,5,0,0,1,2,2,1
5,4051.667,15530,170,60,77,164,41,,0,"Tue, 17 May 2016 15:42:00 +0900",6.545455,17.45454,15.27273,62.18182,0,3,0,0,2.181818,15.27273,0,0,0,0,0,0,0,0,0,0,0,0,0,0,0,0,0,0,0,0,0,0,0,0,41,0,0,5,0,0,2,7,8,1
5,2511.667,9790,196,84,80,117,37,,0,"Tue, 17 May 2016 15:43:00 +0900",3.272727,10.90909,17.45454,41.45454,0,2,0,0,3.272727,22.90909,0,0,0,0,0,0,0,0,0,0,0,0,0,0,0,0,0,0,0,0,0,0,0,0,40,0,0,5,0,0,2,2,2,1
3,4474.5,13820,156,20,77,124,40,,0,"Tue, 17 May 2016 15:44:00 +0900",4.210526,10.52632,16.84211,58.94737,0,2,0,0,3.157895,13.68421,0,0,0,0,0,0,0,0,0,0,0,0,0,0,0,0,0,0,0,0,0,0,0,0,39,0,0,5,0,0,8,2,2,1
3,4854.5,14940,162,38,94,208,49,,0,"Tue, 17 May 2016 15:45:00 +0900",5.263158,11.57895,20,57.89474,0,2,0,0,1.052632,12.63158,0,0,0,0,0,0,0,0,0,0,0,0,0,0,0,0,0,0,0,0,0,0,0,0,38,0,0,5,0,0,2,2,2,1
3,3648,14560,167,46,72,132,36,,0,"Tue, 17 May 2016 15:46:00 +0900",6.31579,14.73684,17.89474,61.05264,0,3,0,0,4.210526,13.68421,0,0,0,0,0,0,0,0,0,0,0,0,0,0,0,0,0,0,0,0,0,0,0,0,37,0,0,5,0,0,2,6,7,1
2,2977.333,6940,149,11,87,202,55,,0,"Tue, 17 May 2016 15:47:00 +0900",6.206897,12.41379,12.41379,47.58621,0,2,0,0,1.034483,14.48276,0,0,0,0,0,0,0,0,0,0,0,0,0,0,0,0,0,0,0,0,0,0,0,0,36,0,0,5,0,0,2,2,7,1
6,2799,5900,164,60,82,152,54,,0,"Tue, 17 May 2016 15:48:00 +0900",6.666667,12.22222,13.33333,45.55556,0,1,0,0,2.222222,20,0,0,0,0,0,0,0,0,0,0,0,0,0,0,0,0,0,0,0,0,0,0,0,0,35,0,0,5,0,0,2,2,2,1
0,3330,8520,154,36,98,194,51,,0,"Tue, 17 May 2016 15:49:00 +0900",3,8,12,44,0,1,0,0,3,18,0,0,0,0,0,0,0,0,0,0,0,0,0,0,0,0,0,0,0,0,0,0,0,0,34,0,0,5,0,0,7,2,25,1
0,3290,7150,146,15,91,139,41,,0,"Tue, 17 May 2016 15:50:00 +0900",3,6,8,48,0,1,0,0,2,17,0,0,0,0,0,0,0,0,0,0,0,0,0,0,0,0,0,0,0,0,0,0,0,0,33,0,0,5,0,0,25,2,7,1
2,2223.333,5430,152,13,94,152,37,,0,"Tue, 17 May 2016 15:51:00 +0900",1.034483,9.310345,12.41379,43.44827,0,1,0,0,4.137931,23.7931,0,0,0,0,0,0,0,0,0,0,0,0,0,0,0,0,0,0,0,0,0,0,0,0,32,0,0,5,0,0,6,3,25,1
2,3741,8380,167,44,85,144,51,,0,"Tue, 17 May 2016 15:52:00 +0900",5.172414,9.310345,9.310345,34.13793,0,2,0,0,0,14.48276,0,0,0,0,0,0,0,0,0,0,0,0,0,0,0,0,0,0,0,0,0,0,0,0,31,0,0,5,0,0,7,2,2,1
0,2820,7280,176,66,88,173,38,,0,"Tue, 17 May 2016 15:53:00 +0900",3,12,19,49,0,1,0,0,3,20,0,0,0,0,0,0,0,0,0,0,0,0,0,0,0,0,0,0,0,0,0,0,0,0,30,0,0,5,0,0,25,25,25,1
0,3410,10480,163,35,74,154,31,,0,"Tue, 17 May 2016 15:54:00 +0900",3,11,20,55,0,1,0,0,2,18,0,0,0,0,0,0,0,0,0,0,0,0,0,0,0,0,0,0,0,0,0,0,0,0,29,0,0,5,0,0,2,2,2,1
2,2822.667,10720,180,67,75,140,31,,0,"Tue, 17 May 2016 15:55:00 +0900",6.206897,11.37931,16.55172,45.51724,0,2,0,0,4.137931,21.72414,0,0,0,0,0,0,0,0,0,0,0,0,0,0,0,0,0,0,0,0,0,0,0,0,28,0,0,5,0,0,2,7,7,1
0,3270,20320,148,13,87,165,48,,0,"Tue, 17 May 2016 15:56:00 +0900",7,12,17,57,0,3,0,0,3,17,0,0,0,0,0,0,0,0,0,0,0,0,0,0,0,0,0,0,0,0,0,0,0,0,27,0,0,5,0,0,2,2,2,1
0,3570,13040,178,54,105,190,39,,0,"Tue, 17 May 2016 15:57:00 +0900",4,5,15,51,0,2,0,0,1,16,0,0,0,0,0,0,0,0,0,0,0,0,0,0,0,0,0,0,0,0,0,0,0,0,26,0,0,5,0,0,2,2,2,1
0,2450,6330,163,44,78,128,38,,0,"Tue, 17 May 2016 15:58:00 +0900",5,10,15,35,0,1,0,0,3,24,0,0,0,0,0,0,0,0,0,0,0,0,0,0,0,0,0,0,0,0,0,0,0,0,25,0,0,5,0,0,25,2,2,1
2,3238.333,7710,146,7,77,132,50,,0,"Tue, 17 May 2016 15:59:00 +0900",2.068965,4.137931,8.275862,45.51724,0,1,0,0,2.068965,17.58621,0,0,0,0,0,0,0,0,0,0,0,0,0,0,0,0,0,0,0,0,0,0,0,0,24,0,0,5,0,0,2,2,1,1
2,3402.667,6480,180,68,72,134,42,,0,"Tue, 17 May 2016 16:00:00 +0900",3.103448,10.34483,19.65517,51.72414,0,2,0,0,1.034483,15.51724,0,0,0,0,0,0,0,0,0,0,0,0,0,0,0,0,0,0,0,0,0,0,0,0,23,0,0,5,0,0,25,2,7,1
7,3233,10320,146,9,85,172,42,,0,"Tue, 17 May 2016 16:01:00 +0900",7.924529,15.84906,18.11321,54.33962,0,2,0,0,2.264151,16.98113,0,0,0,0,0,0,0,0,0,0,0,0,0,0,0,0,0,0,0,0,0,0,0,0,22,0,0,5,0,0,1,25,2,1
5,1833.333,5490,150,17,79,167,42,,0,"Tue, 17 May 2016 16:02:00 +0900",6.545455,8.727272,13.09091,38.18182,0,1,0,0,5.454545,30.54545,0,0,0,0,0,0,0,0,0,0,0,0,0,0,0,0,0,0,0,0,0,0,0,0,21,0,0,5,0,0,7,2,2,1
0,2630,6360,161,39,76,149,35,,0,"Tue, 17 May 2016 16:03:00 +0900",6,11,13,40,0,1,0,0,7,23,0,0,0,0,0,0,0,0,0,0,0,0,0,0,0,0,0,0,0,0,0,0,0,0,20,0,0,5,0,0,8,2,1,1
9,2524.5,7570,178,51,83,145,35,,0,"Tue, 17 May 2016 16:04:00 +0900",8.235294,15.29412,17.64706,36.47059,0,2,0,0,3.529412,17.64706,0,0,0,0,0,0,0,0,0,0,0,0,0,0,0,0,0,0,0,0,0,0,0,0,19,0,0,5,0,0,1,13,2,1
9,2329,6980,146,20,78,120,48,,0,"Tue, 17 May 2016 16:05:00 +0900",12.94118,9.411765,21.17647,62.35294,0,1,0,0,5.882353,23.52941,0,0,0,0,0,0,0,0,0,0,0,0,0,0,0,0,0,0,0,0,0,0,0,0,18,0,0,5,0,0,7,25,11,2
13,1684.167,1684.167,179,57,88,145,36,,100,"Tue, 17 May 2016 16:06:00 +0900",29.3617,24.25532,26.80851,54.89362,0,0,61,61,8.93617,26.80851,0,0,0,0,0,0,0,0,0,2,2,2,4,1,1,1,0,0,0,0,0,0,0,0,17,-7.45,1.84,5,-9.26,7.27,25,2,13,0
8,2036.667,9130,159,36,91,173,37,,105,"Tue, 17 May 2016 16:07:00 +0900",5.769231,15,17.30769,30,0,0,69,65,11.53846,30,0,0,0,0,0,0,0,0,12,7,7,7,4,3,2,3,0,0,2,0,0,0,0,0,16,1.12,5.98,5,-7.32,7.02,6,2,2,0
0,4230,7910,163,39,89,147,62,,0,"Tue, 17 May 2016 16:08:00 +0900",2,0,1,25,0,1,0,0,0,15,0,0,0,0,0,0,0,0,0,0,0,0,0,0,0,0,0,0,0,0,0,0,0,0,15,0,0,5,0,0,1,2,1,1
4,3873.333,9380,157,40,81,184,53,,0,"Tue, 17 May 2016 16:09:00 +0900",2.142857,4.285715,3.214286,35.35714,0,1,0,0,1.071429,16.07143,0,0,0,0,0,0,0,0,0,0,0,0,0,0,0,0,0,0,0,0,0,0,0,0,14,0,0,5,0,0,2,2,13,1
4,3341.333,9580,163,48,80,125,44,,0,"Tue, 17 May 2016 16:10:00 +0900",10.71429,12.85714,15,45,0,2,0,0,5.357143,17.14286,0,0,0,0,0,0,0,0,0,0,0,0,0,0,0,0,0,0,0,0,0,0,0,0,13,0,0,5,0,0,7,2,25,1
6,3942,9590,159,38,82,110,39,,0,"Tue, 17 May 2016 16:11:00 +0900",0,3.333333,11.11111,52.22222,0,2,0,0,0,14.44444,0,0,0,0,0,0,0,0,0,0,0,0,0,0,0,0,0,0,0,0,0,0,0,0,12,0,0,5,0,0,7,25,25,1
5,2566.667,7230,170,48,88,259,37,,0,"Tue, 17 May 2016 16:12:00 +0900",0,3.272727,12,48,0,1,0,0,4.363636,21.81818,0,0,0,0,0,0,0,0,0,0,0,0,0,0,0,0,0,0,0,0,0,0,0,0,11,0,0,5,0,0,1,1,1,2
12,3672,3672,147,27,81,145,48,,0,"Tue, 17 May 2016 16:13:00 +0900",0,1.25,16.25,53.75,0,2,0,0,2.5,15,0,0,0,0,0,0,0,0,0,0,0,0,0,0,0,0,0,0,0,0,0,0,0,0,10,0,0,5,0,0,7,12,25,1
8,2851.333,7510,144,10,75,103,51,,0,"Tue, 17 May 2016 16:14:00 +0900",2.307692,3.461539,9.230769,46.15385,0,1,0,0,1.153846,20.76923,0,0,0,0,0,0,0,0,0,0,0,0,0,0,0,0,0,0,0,0,0,0,0,0,9,0,0,5,0,0,25,12,25,1
8,5390.667,24980,158,27,80,140,37,,0,"Tue, 17 May 2016 16:15:00 +0900",1.153846,4.615385,16.15385,55.38462,0,3,0,0,2.307692,11.53846,0,0,0,0,0,0,0,0,0,0,0,0,0,0,0,0,0,0,0,0,0,0,0,0,8,0,0,5,0,0,10,25,25,1
3,3125.5,8400,159,38,82,155,51,,0,"Tue, 17 May 2016 16:16:00 +0900",3.157895,4.210526,10.52632,48.42105,0,1,0,0,2.105263,18.94737,0,0,0,0,0,0,0,0,0,0,0,0,0,0,0,0,0,0,0,0,0,0,0,0,7,0,0,5,0,0,25,1,25,1
2,2803.333,4940,159,33,88,217,46,,0,"Tue, 17 May 2016 16:17:00 +0900",2.068965,1.034483,1.034483,33.10345,0,1,0,0,0,18.62069,0,0,0,0,0,0,0,0,0,0,0,0,0,0,0,0,0,0,0,0,0,0,0,0,6,0,0,5,0,0,25,25,1,1
9,3315,9790,146,9,78,119,48,,0,"Tue, 17 May 2016 16:18:00 +0900",0,1.176471,10.58824,52.94118,0,1,0,0,2.352941,18.82353,0,0,0,0,0,0,0,0,0,0,0,0,0,0,0,0,0,0,0,0,0,0,0,0,5,0,0,5,0,0,25,25,1,1
8,2860,6760,148,13,65,102,44,,0,"Tue, 17 May 2016 16:19:00 +0900",1.153846,2.307692,8.076923,40.38462,0,1,0,0,2.307692,20.76923,0,0,0,0,0,0,0,0,0,0,0,0,0,0,0,0,0,0,0,0,0,0,0,0,4,0,0,5,0,0,1,25,25,1
7,3118.167,15270,152,12,80,135,52,,0,"Tue, 17 May 2016 16:20:00 +0900",2.264151,5.660378,14.71698,47.54717,0,2,0,0,2.264151,18.11321,0,0,0,0,0,0,0,0,0,0,0,0,0,0,0,0,0,0,0,0,0,0,0,0,3,0,0,5,0,0,25,2,2,1
22,2888,2888,222,86,100,174,64,,89,"Tue, 17 May 2016 16:21:00 +0900",26.8421,28.42105,26.8421,48.94737,0,0,59,64,1.578947,20.52632,1,0,0,0,0,0,0,0,0,1,0,2,2,2,2,4,1,0,0,0,0,0,0,0,2,10.35,15.09,5,0.54,8.17,12,18,17,0
7,1678.333,5980,180,61,99,166,48,,0,"Tue, 17 May 2016 16:22:00 +0900",7.924529,15.84906,15.84906,37.35849,0,2,0,0,12.45283,35.09434,0,0,0,0,0,0,0,0,0,0,0,0,0,0,0,0,0,0,0,0,0,0,0,0,1,0,0,5,0,0,13,12,12,1
11,1478.167,1478.167,154,32,76,154,32,,0,"Tue, 17 May 2016 16:23:00 +0900",2.44898,12.2449,26.93878,52.65306,0,1,0,0,17.14286,39.18367,0,0,0,0,0,0,0,0,0,0,0,0,0,0,0,0,0,0,0,0,0,0,0,0,0,0,0,5,0,0,18,18,7,1
13,1410,1410,162,57,84,140,39,,0,"Tue, 17 May 2016 16:24:00 +0900",7.659575,20.42553,19.14894,34.46809,0,1,0,0,12.76596,30.6383,0,0,0,0,0,0,0,0,0,0,0,0,0,0,0,0,0,0,0,0,0,0,0,0,22,0,0,5,0,0,7,10,7,1
0,3260,7700,159,31,91,220,40,,0,"Tue, 17 May 2016 16:25:00 +0900",0,5,7,44,0,2,0,0,6,19,0,0,0,0,0,0,0,0,0,0,0,0,0,0,0,0,0,0,0,0,0,0,0,0,21,0,0,5,0,0,7,7,17,3
5,2016.667,10740,169,56,82,144,47,,0,"Tue, 17 May 2016 16:26:00 +0900",4.363636,8.727272,29.45455,56.72727,0,3,0,0,15.27273,29.45455,0,0,0,0,0,0,0,0,0,0,0,0,0,0,0,0,0,0,0,0,0,0,0,0,20,0,0,5,0,0,2,23,17,2
5,1576.667,6210,177,67,91,157,38,,0,"Tue, 17 May 2016 16:27:00 +0900",3.272727,10.90909,20.72727,41.45454,0,2,0,0,9.818181,32.72727,0,0,0,0,0,0,0,0,0,0,0,0,0,0,0,0,0,0,0,0,0,0,0,0,19,0,0,5,0,0,18,18,7,2
2,4214.667,10110,169,49,91,164,40,,0,"Tue, 17 May 2016 16:28:00 +0900",3.103448,7.241379,17.58621,56.89655,0,2,0,0,2.068965,14.48276,0,0,0,0,0,0,0,0,0,0,0,0,0,0,0,0,0,0,0,0,0,0,0,0,18,0,0,5,0,0,7,13,2,3
0,2010,6170,154,21,77,142,40,,0,"Tue, 17 May 2016 16:29:00 +0900",3,1,11,49,0,1,0,0,10,26,0,0,0,0,0,0,0,0,0,0,0,0,0,0,0,0,0,0,0,0,0,0,0,0,17,0,0,5,0,0,12,1,2,1
2,2059,6100,175,62,89,190,46,,97,"Tue, 17 May 2016 16:30:00 +0900",10.34483,16.55172,11.37931,39.31034,0,0,60,64,13.44828,28.96552,0,0,0,0,0,0,0,0,0,2,1,1,2,2,1,0,2,0,0,0,0,0,0,0,16,16.56,6.06,5,8.16,5,7,11,13,0
19,1517,1517,155,46,72,160,33,,0,"Tue, 17 May 2016 16:31:00 +0900",14.63415,24.87805,26.34146,49.7561,0,1,0,0,17.56097,38.04878,0,0,0,0,0,0,0,0,0,0,0,0,0,0,0,0,0,0,0,0,0,0,0,0,15,0,0,5,0,0,25,7,12,2
9,1861.5,12330,178,64,79,175,37,,0,"Tue, 17 May 2016 16:32:00 +0900",18.82353,28.23529,27.05882,48.23529,0,2,0,0,10.58824,32.94118,0,0,0,0,0,0,0,0,0,0,0,0,0,0,0,0,0,0,0,0,0,0,0,0,14,0,0,4,0,0,12,7,7,2
3,3021,8110,156,31,63,88,41,,0,"Tue, 17 May 2016 16:33:00 +0900",2.105263,4.210526,3.157895,33.68421,0,1,0,0,3.157895,17.89474,0,0,0,0,0,0,0,0,0,0,0,0,0,0,0,0,0,0,0,0,0,0,0,0,13,0,0,4,0,0,7,7,7,3
7,2243.667,6720,148,8,73,117,38,,0,"Tue, 17 May 2016 16:34:00 +0900",1.132076,6.792453,7.924529,21.50943,0,1,0,0,4.528302,27.16981,0,0,0,0,0,0,0,0,0,0,0,0,0,0,0,0,0,0,0,0,0,0,0,0,12,0,0,4,0,0,6,7,7,1
10,1541.667,7380,160,38,91,159,49,,0,"Tue, 17 May 2016 16:35:00 +0900",7.2,14.4,14.4,21.6,0,2,0,0,15.6,37.2,0,0,0,0,0,0,0,0,0,0,0,0,0,0,0,0,0,0,0,0,0,0,0,0,11,0,0,4,0,0,12,3,12,1
3,1596,12650,162,38,105,216,60,,0,"Tue, 17 May 2016 16:36:00 +0900",5.263158,11.57895,7.368421,32.63158,0,2,0,0,16.84211,35.78947,0,0,0,0,0,0,0,0,0,0,0,0,0,0,0,0,0,0,0,0,0,0,0,0,10,0,0,4,0,0,2,25,25,2
9,3791,14130,150,13,99,190,54,,0,"Tue, 17 May 2016 16:37:00 +0900",0,2.352941,2.352941,3.529412,0,3,0,0,3.529412,14.11765,0,0,0,0,0,0,0,0,0,0,0,0,0,0,0,0,0,0,0,0,0,0,0,0,9,0,0,4,0,0,25,25,18,2
21,1553.5,1553.5,157,45,103,214,36,,0,"Tue, 17 May 2016 16:38:00 +0900",16.92308,30.76923,26.15385,44.61539,0,3,0,0,12.30769,36.92308,0,0,0,0,0,0,0,0,0,0,0,0,0,0,0,0,0,0,0,0,0,0,0,0,8,0,0,4,0,0,7,25,10,2
13,1919.167,1919.167,178,45,90,166,38,,0,"Tue, 17 May 2016 16:39:00 +0900",12.76596,16.59575,24.25532,47.23404,0,1,0,0,10.21277,29.3617,0,0,0,0,0,0,0,0,0,0,0,0,0,0,0,0,0,0,0,0,0,0,0,0,7,0,0,4,0,0,1,1,7,1
7,2287.833,11620,181,64,82,178,36,,0,"Tue, 17 May 2016 16:40:00 +0900",9.056604,26.03773,19.24528,30.56604,0,2,0,0,9.056604,27.16981,0,0,0,0,0,0,0,0,0,0,0,0,0,0,0,0,0,0,0,0,0,0,0,0,6,0,0,4,0,0,2,13,25,2
8,3128.667,18960,201,79,86,168,34,,0,"Tue, 17 May 2016 16:41:00 +0900",17.30769,32.30769,19.61539,48.46154,0,3,0,0,5.769231,19.61539,0,0,0,0,0,0,0,0,0,0,0,0,0,0,0,0,0,0,0,0,0,0,0,0,5,0,0,4,0,0,11,1,2,1
3,2470,11330,155,28,85,127,40,,0,"Tue, 17 May 2016 16:42:00 +0900",4.210526,6.31579,11.57895,50.52632,0,2,0,0,7.368421,22.10526,0,0,0,0,0,0,0,0,0,0,0,0,0,0,0,0,0,0,0,0,0,0,0,0,4,0,0,4,0,0,0,25,25,1
7,2685.333,15560,199,76,93,172,53,,0,"Tue, 17 May 2016 16:43:00 +0900",9.056604,19.24528,16.98113,38.49057,0,3,0,0,9.056604,21.50943,0,0,0,0,0,0,0,0,0,0,0,0,0,0,0,0,0,0,0,0,0,0,0,0,3,0,0,4,0,0,7,25,1,2
14,4316.333,4316.333,203,50,81,153,41,,0,"Tue, 17 May 2016 16:44:00 +0900",9.130434,18.26087,16.95652,40.43478,0,2,0,0,2.608696,11.73913,0,0,0,0,0,0,0,0,0,0,0,0,0,0,0,0,0,0,0,0,0,0,0,0,2,0,0,4,0,0,1,25,25,3
18,1533,1533,196,62,85,154,37,,0,"Tue, 17 May 2016 16:45:00 +0900",22.85714,21.42857,31.42857,45.71429,0,1,0,0,12.85714,40,0,0,0,0,0,0,0,0,0,0,0,0,0,0,0,0,0,0,0,0,0,0,0,0,1,0,0,4,0,0,1,13,2,2
17,2099.833,2099.833,186,55,72,116,32,,0,"Tue, 17 May 2016 16:46:00 +0900",20.93023,23.72093,25.11628,51.62791,0,1,0,0,11.16279,29.30233,0,0,0,0,0,0,0,0,0,0,0,0,0,0,0,0,0,0,0,0,0,0,0,0,0,0,0,4,0,0,7,6,1,3
18,1673,1673,188,67,87,179,37,,0,"Tue, 17 May 2016 16:47:00 +0900",25.71429,45.71429,18.57143,32.85714,0,1,0,0,14.28571,31.42857,0,0,0,0,0,0,0,0,0,0,0,0,0,0,0,0,0,0,0,0,0,0,0,0,44,0,0,4,0,0,6,7,7,3
14,1717.333,1717.333,185,56,88,208,33,,0,"Tue, 17 May 2016 16:48:00 +0900",10.43478,39.13044,28.69565,37.82609,0,1,0,0,6.521739,35.21739,0,0,0,0,0,0,0,0,0,0,0,0,0,0,0,0,0,0,0,0,0,0,0,0,43,0,0,4,0,0,2,7,1,3
7,1537,4630,175,52,85,176,40,,0,"Tue, 17 May 2016 16:49:00 +0900",14.71698,30.56604,28.30189,46.41509,0,1,0,0,10.18868,37.35849,0,0,0,0,0,0,0,0,0,0,0,0,0,0,0,0,0,0,0,0,0,0,0,0,42,0,0,4,0,0,2,2,2,3
1,1829,4400,153,11,82,141,39,,0,"Tue, 17 May 2016 16:50:00 +0900",1.016949,21.35593,17.28814,39.66102,0,1,0,0,9.152542,28.47458,0,0,0,0,0,0,0,0,0,0,0,0,0,0,0,0,0,0,0,0,0,0,0,0,41,0,0,4,0,0,1,2,1,3
5,1714.167,5980,174,54,95,204,37,,0,"Tue, 17 May 2016 16:51:00 +0900",3.272727,16.36364,20.72727,48,0,2,0,0,12,31.63636,0,0,0,0,0,0,0,0,0,0,0,0,0,0,0,0,0,0,0,0,0,0,0,0,40,0,0,4,0,0,12,25,25,3
12,2160,2160,168,44,85,148,39,,0,"Tue, 17 May 2016 16:52:00 +0900",8.75,7.5,10,43.75,0,1,0,0,6.25,25,0,0,0,0,0,0,0,0,0,0,0,0,0,0,0,0,0,0,0,0,0,0,0,0,39,0,0,4,0,0,25,25,25,2
6,3303,13600,194,69,84,168,37,,0,"Tue, 17 May 2016 16:53:00 +0900",2.222222,7.777778,12.22222,26.66667,0,3,0,0,4.444445,15.55556,0,0,0,0,0,0,0,0,0,0,0,0,0,0,0,0,0,0,0,0,0,0,0,0,38,0,0,4,0,0,25,25,25,2
4,3472,7770,148,7,67,85,49,,0,"Tue, 17 May 2016 16:54:00 +0900",4.285715,7.5,17.14286,40.71428,0,2,0,0,1.071429,13.92857,0,0,0,0,0,0,0,0,0,0,0,0,0,0,0,0,0,0,0,0,0,0,0,0,37,0,0,4,0,0,25,25,25,2
0,2860,6550,157,50,72,90,44,,0,"Tue, 17 May 2016 16:55:00 +0900",1,1,10,44,0,1,0,0,2,19,0,0,0,0,0,0,0,0,0,0,0,0,0,0,0,0,0,0,0,0,0,0,0,0,36,0,0,4,0,0,25,25,25,1
3,3135,9000,157,21,79,129,41,,0,"Tue, 17 May 2016 16:56:00 +0900",4.210526,5.263158,15.78947,36.84211,0,1,0,0,3.157895,17.89474,0,0,0,0,0,0,0,0,0,0,0,0,0,0,0,0,0,0,0,0,0,0,0,0,35,0,0,4,0,0,25,25,25,1
1,2969.667,7560,156,27,104,172,83,,0,"Tue, 17 May 2016 16:57:00 +0900",1.016949,1.016949,6.101695,30.50848,0,1,0,0,2.033898,20.33898,0,0,0,0,0,0,0,0,0,0,0,0,0,0,0,0,0,0,0,0,0,0,0,0,34,0,0,4,0,0,25,25,25,1
0,1840,5420,174,51,82,138,37,,0,"Tue, 17 May 2016 16:58:00 +0900",4,9,10,40,0,1,0,0,9,29,0,0,0,0,0,0,0,0,0,0,0,0,0,0,0,0,0,0,0,0,0,0,0,0,33,0,0,4,0,0,1,12,25,1
0,3660,6690,152,6,101,157,49,,0,"Tue, 17 May 2016 16:59:00 +0900",0,1,1,38,0,1,0,0,1,17,0,0,0,0,0,0,0,0,0,0,0,0,0,0,0,0,0,0,0,0,0,0,0,0,32,0,0,4,0,0,25,25,25,1
1,2133.833,5430,150,6,98,154,50,,0,"Tue, 17 May 2016 17:00:00 +0900",0,2.033898,0,40.67797,0,1,0,0,7.118644,26.44068,0,0,0,0,0,0,0,0,0,0,0,0,0,0,0,0,0,0,0,0,0,0,0,0,31,0,0,4,0,0,25,25,25,1
6,2619,8910,159,39,91,164,38,,0,"Tue, 17 May 2016 17:01:00 +0900",6.666667,7.777778,7.777778,36.66667,0,2,0,0,2.222222,18.88889,0,0,0,0,0,0,0,0,0,0,0,0,0,0,0,0,0,0,0,0,0,0,0,0,30,0,0,4,0,0,25,25,25,1
3,2878.5,6520,168,59,94,240,50,,0,"Tue, 17 May 2016 17:02:00 +0900",1.052632,3.157895,7.368421,34.73684,0,1,0,0,1.052632,18.94737,0,0,0,0,0,0,0,0,0,0,0,0,0,0,0,0,0,0,0,0,0,0,0,0,29,0,0,4,0,0,25,25,25,1
1,2959.833,6730,149,6,72,94,52,,0,"Tue, 17 May 2016 17:03:00 +0900",2.033898,2.033898,10.16949,25.42373,0,1,0,0,0,20.33898,0,0,0,0,0,0,0,0,0,0,0,0,0,0,0,0,0,0,0,0,0,0,0,0,28,0,0,4,0,0,25,25,25,1
10,1633.333,5670,156,23,94,172,55,,0,"Tue, 17 May 2016 17:04:00 +0900",6,3.6,10.8,42,0,2,0,0,12,32.4,0,0,0,0,0,0,0,0,0,0,0,0,0,0,0,0,0,0,0,0,0,0,0,0,27,0,0,4,0,0,12,7,7,1
1,2832,5980,152,24,79,128,32,,0,"Tue, 17 May 2016 17:05:00 +0900",3.050847,2.033898,7.118644,31.52542,0,1,0,0,1.016949,19.32203,0,0,0,0,0,0,0,0,0,0,0,0,0,0,0,0,0,0,0,0,0,0,0,0,26,0,0,4,0,0,7,7,7,1
15,3157.5,3157.5,176,58,87,161,44,,0,"Tue, 17 May 2016 17:06:00 +0900",13.33333,28,29.33333,48,0,1,0,0,4,18.66667,0,0,0,0,0,0,0,0,0,0,0,0,0,0,0,0,0,0,0,0,0,0,0,0,25,0,0,4,0,0,25,6,7,1
17,1963.667,1963.667,175,51,92,164,44,,0,"Tue, 17 May 2016 17:07:00 +0900",23.72093,29.30233,12.55814,33.48837,0,1,0,0,6.976744,30.69767,0,0,0,0,0,0,0,0,0,0,0,0,0,0,0,0,0,0,0,0,0,0,0,0,24,0,0,4,0,0,12,12,7,2
5,2438.333,7050,155,33,101,152,53,,0,"Tue, 17 May 2016 17:08:00 +0900",2.181818,6.545455,9.818181,39.27272,0,1,0,0,3.272727,24,0,0,0,0,0,0,0,0,0,0,0,0,0,0,0,0,0,0,0,0,0,0,0,0,23,0,0,4,0,0,12,7,6,1
4,2184,7100,152,13,80,256,39,,0,"Tue, 17 May 2016 17:09:00 +0900",4.285715,7.5,9.642857,35.35714,0,2,0,0,4.285715,26.78571,0,0,0,0,0,0,0,0,0,0,0,0,0,0,0,0,0,0,0,0,0,0,0,0,22,0,0,4,0,0,12,7,7,2
0,2990,7080,148,7,70,103,33,,0,"Tue, 17 May 2016 17:10:00 +0900",0,0,5,25,0,1,0,0,1,20,0,0,0,0,0,0,0,0,0,0,0,0,0,0,0,0,0,0,0,0,0,0,0,0,21,0,0,4,0,0,7,7,7,1
0,2410,5090,148,8,68,111,32,,0,"Tue, 17 May 2016 17:11:00 +0900",0,0,6,35,0,1,0,0,3,25,0,0,0,0,0,0,0,0,0,0,0,0,0,0,0,0,0,0,0,0,0,0,0,0,20,0,0,4,0,0,7,7,7,1
0,2550,4400,151,6,69,89,46,,0,"Tue, 17 May 2016 17:12:00 +0900",1,3,9,35,0,1,0,0,1,24,0,0,0,0,0,0,0,0,0,0,0,0,0,0,0,0,0,0,0,0,0,0,0,0,19,0,0,4,0,0,7,7,12,1
0,2140,5150,157,39,76,126,50,,0,"Tue, 17 May 2016 17:13:00 +0900",1,4,17,44,0,1,0,0,3,27,0,0,0,0,0,0,0,0,0,0,0,0,0,0,0,0,0,0,0,0,0,0,0,0,18,0,0,4,0,0,7,7,7,1
0,3390,7960,151,2,78,90,55,,0,"Tue, 17 May 2016 17:14:00 +0900",0,0,4,40,0,1,0,0,0,18,0,0,0,0,0,0,0,0,0,0,0,0,0,0,0,0,0,0,0,0,0,0,0,0,17,0,0,4,0,0,7,7,7,1
6,2097,7390,148,7,76,127,50,,0,"Tue, 17 May 2016 17:15:00 +0900",1.111111,5.555555,8.888889,36.66667,0,2,0,0,5.555555,28.88889,0,0,0,0,0,0,0,0,0,0,0,0,0,0,0,0,0,0,0,0,0,0,0,0,16,0,0,4,0,0,7,7,7,1
0,2920,5590,162,48,89,124,50,,0,"Tue, 17 May 2016 17:16:00 +0900",1,1,3,28,0,1,0,0,2,20,0,0,0,0,0,0,0,0,0,0,0,0,0,0,0,0,0,0,0,0,0,0,0,0,15,0,0,4,0,0,7,7,7,1
0,2890,6810,150,9,86,127,59,,0,"Tue, 17 May 2016 17:17:00 +0900",0,1,2,26,0,1,0,0,1,21,0,0,0,0,0,0,0,0,0,0,0,0,0,0,0,0,0,0,0,0,0,0,0,0,14,0,0,4,0,0,7,7,7,1
4,1960,5930,190,84,83,124,34,,0,"Tue, 17 May 2016 17:18:00 +0900",3.214286,12.85714,15,42.85714,0,1,0,0,8.571429,30,0,0,0,0,0,0,0,0,0,0,0,0,0,0,0,0,0,0,0,0,0,0,0,0,13,0,0,4,0,0,7,9,12,2
19,2043.167,2043.167,195,61,117,191,43,,120,"Tue, 17 May 2016 17:19:00 +0900",5.853658,14.63415,21.95122,64.39024,0,0,63,59,5.853658,16.09756,0,0,0,0,0,2,1,2,4,1,0,1,0,1,0,0,1,0,0,0,0,0,0,0,12,7.5,13.08,4,0.36,5.55,11,9,9,0
0,0,0,200,0,38,38,38,,0,"Tue, 17 May 2016 17:20:00 +0900",0,0,3,89,0,2,0,0,0,1,0,0,0,0,0,0,0,0,0,0,0,0,0,0,0,0,0,0,0,0,0,0,0,0,11,0,0,4,0,0,9,9,9,2
0,29400,29400,170,10,34,34,33,,0,"Tue, 17 May 2016 17:21:00 +0900",0,0,5,71,0,2,0,0,0,2,0,0,0,0,0,0,0,0,0,0,0,0,0,0,0,0,0,0,0,0,0,0,0,0,10,0,0,4,0,0,9,9,9,3
6,7380,8200,140,20,65,81,48,,0,"Tue, 17 May 2016 17:22:00 +0900",0,1.111111,8.888889,73.33334,0,2,0,0,0,2.222222,0,0,0,0,0,0,0,0,0,0,0,0,0,0,0,0,0,0,0,0,0,0,0,0,9,0,0,4,0,0,9,9,12,1
3,1178,4180,145,49,78,167,31,,0,"Tue, 17 May 2016 17:23:00 +0900",20,28.42105,17.89474,47.36842,0,2,0,0,26.31579,44.21053,0,0,0,0,0,0,0,0,0,0,0,0,0,0,0,0,0,0,0,0,0,0,0,0,8,0,0,4,0,0,13,25,25,2
8,1135.333,8890,176,66,101,262,39,,0,"Tue, 17 May 2016 17:24:00 +0900",10.38462,30,18.46154,41.53846,0,2,0,0,27.69231,51.92308,0,0,0,0,0,0,0,0,0,0,0,0,0,0,0,0,0,0,0,0,0,0,0,0,7,0,0,4,0,0,13,7,2,1
5,19763.33,21560,140,20,33,35,30,,0,"Tue, 17 May 2016 17:25:00 +0900",2.181818,5.454545,8.727272,63.27272,0,2,0,0,0,2.181818,0,0,0,0,0,0,0,0,0,0,0,0,0,0,0,0,0,0,0,0,0,0,0,0,6,0,0,4,0,0,14,14,14,1
0,0,0,0,0,0,0,0,,0,"Tue, 17 May 2016 17:26:00 +0900",0,0,14,82,3,0,0,0,0,0,0,0,0,0,0,0,0,0,0,0,0,0,0,0,0,0,0,0,0,0,0,0,0,0,307,0,0,5,0,0,14,14,14,0
0,0,0,0,0,0,0,0,,0,"Tue, 17 May 2016 17:27:00 +0900",0,0,9,86,3,0,0,0,0,0,0,0,0,0,0,0,0,0,0,0,0,0,0,0,0,0,0,0,0,0,0,0,0,0,306,0,0,5,0,0,14,14,14,0
0,0,0,0,0,0,0,0,,0,"Tue, 17 May 2016 17:28:00 +0900",0,0,4,83,3,0,0,0,0,0,0,0,0,0,0,0,0,0,0,0,0,0,0,0,0,0,0,0,0,0,0,0,0,0,305,0,0,5,0,0,14,14,14,0
0,0,0,0,0,0,0,0,,0,"Tue, 17 May 2016 17:29:00 +0900",0,0,8,87,3,0,0,0,0,0,0,0,0,0,0,0,0,0,0,0,0,0,0,0,0,0,0,0,0,0,0,0,0,0,304,0,0,5,0,0,14,14,14,0
2,0,0,0,0,0,0,0,,0,"Tue, 17 May 2016 17:30:00 +0900",0,0,4.137931,75.51724,3,0,0,0,0,0,0,0,0,0,0,0,0,0,0,0,0,0,0,0,0,0,0,0,0,0,0,0,0,0,303,0,0,5,0,0,14,14,1,0
24,834,834,156,43,83,161,34,,0,"Tue, 17 May 2016 17:31:00 +0900",25,31.66667,15,31.66667,0,0,0,0,36.66667,55,0,0,0,0,0,0,0,0,0,0,0,0,0,0,0,0,0,0,0,0,0,0,0,0,302,0,0,5,0,0,12,12,12,0
9,1683,3890,163,12,94,142,55,,0,"Tue, 17 May 2016 17:32:00 +0900",7.058824,14.11765,8.235294,36.47059,0,2,0,0,1.176471,7.058824,0,0,0,0,0,0,0,0,0,0,0,0,0,0,0,0,0,0,0,0,0,0,0,0,301,0,0,5,0,0,25,25,23,0
9,2295,11330,163,53,80,128,31,,100,"Tue, 17 May 2016 17:33:00 +0900",8.235294,11.76471,14.11765,37.64706,0,0,55,66,5.882353,16.47059,1,0,0,0,0,0,0,0,3,1,5,2,2,1,1,0,0,0,0,1,0,0,0,0,300,-19.46,3.04,5,1.41,1.91,22,12,25,0
15,1387.5,1387.5,171,45,86,194,38,,0,"Tue, 17 May 2016 17:34:00 +0900",10.66667,24,29.33333,36,0,1,0,0,10.66667,34.66667,0,0,0,0,0,0,0,0,0,0,0,0,0,0,0,0,0,0,0,0,0,0,0,0,299,0,0,5,0,0,2,12,22,0
6,2412,11840,147,20,74,176,32,,0,"Tue, 17 May 2016 17:35:00 +0900",10,10,12.22222,78.88889,0,3,0,0,3.333333,11.11111,0,0,0,0,0,0,0,0,0,0,0,0,0,0,0,0,0,0,0,0,0,0,0,0,298,0,0,5,0,0,12,12,12,0
4,1530.667,4830,134,20,91,161,36,,0,"Tue, 17 May 2016 17:36:00 +0900",8.571429,9.642857,11.78571,66.42857,0,3,0,0,2.142857,8.571429,0,0,0,0,0,0,0,0,0,0,0,0,0,0,0,0,0,0,0,0,0,0,0,0,297,0,0,5,0,0,12,12,12,1
22,1469.333,1469.333,154,74,92,205,31,,0,"Tue, 17 May 2016 17:37:00 +0900",28.42105,44.21053,25.26316,30,0,3,0,0,15.78947,39.47368,0,0,0,0,0,0,0,0,0,0,0,0,0,0,0,0,0,0,0,0,0,0,0,0,296,0,0,5,0,0,25,11,12,1
25,1429.167,1429.167,182,76,82,151,40,,0,"Tue, 17 May 2016 17:38:00 +0900",24,30.85715,27.42857,58.28571,0,0,0,0,10.28571,25.71429,0,0,0,0,0,0,0,0,0,0,0,0,0,0,0,0,0,0,0,0,0,0,0,0,295,0,0,5,0,0,24,7,12,0
8,2886,16820,175,53,80,162,39,,0,"Tue, 17 May 2016 17:39:00 +0900",17.30769,12.69231,19.61539,43.84615,0,3,0,0,6.923077,19.61539,0,0,0,0,0,0,0,0,0,0,0,0,0,0,0,0,0,0,0,0,0,0,0,0,294,0,0,5,0,0,0,13,25,1
1,3638.333,11900,147,15,108,126,85,,0,"Tue, 17 May 2016 17:40:00 +0900",1.016949,2.033898,10.16949,24.40678,0,3,0,0,4.067797,6.101695,0,0,0,0,0,0,0,0,0,0,0,0,0,0,0,0,0,0,0,0,0,0,0,0,293,0,0,5,0,0,14,14,14,1
0,0,0,0,0,0,0,0,,0,"Tue, 17 May 2016 17:41:00 +0900",0,0,0,0,3,0,0,0,0,0,0,0,0,0,0,0,0,0,0,0,0,0,0,0,0,0,0,0,0,0,0,0,0,0,292,0,0,5,0,0,14,14,14,0
0,0,0,0,0,0,0,0,,0,"Tue, 17 May 2016 17:42:00 +0900",0,0,0,0,3,0,0,0,0,0,0,0,0,0,0,0,0,0,0,0,0,0,0,0,0,0,0,0,0,0,0,0,0,0,291,0,0,5,0,0,14,14,14,0
0,0,0,0,0,0,0,0,,0,"Tue, 17 May 2016 17:43:00 +0900",0,0,0,0,3,0,0,0,0,0,0,0,0,0,0,0,0,0,0,0,0,0,0,0,0,0,0,0,0,0,0,0,0,0,290,0,0,5,0,0,14,14,14,0
0,0,0,0,0,0,0,0,,0,"Tue, 17 May 2016 17:44:00 +0900",0,0,0,0,3,0,0,0,0,0,0,0,0,0,0,0,0,0,0,0,0,0,0,0,0,0,0,0,0,0,0,0,0,0,289,0,0,5,0,0,14,14,14,0
0,0,0,0,0,0,0,0,,0,"Tue, 17 May 2016 17:45:00 +0900",0,0,0,0,3,0,0,0,0,0,0,0,0,0,0,0,0,0,0,0,0,0,0,0,0,0,0,0,0,0,0,0,0,0,288,0,0,5,0,0,14,14,14,0
0,0,0,0,0,0,0,0,,0,"Tue, 17 May 2016 17:46:00 +0900",0,0,0,0,3,0,0,0,0,0,0,0,0,0,0,0,0,0,0,0,0,0,0,0,0,0,0,0,0,0,0,0,0,0,287,0,0,5,0,0,14,14,14,0
0,0,0,0,0,0,0,0,,0,"Tue, 17 May 2016 17:47:00 +0900",0,0,0,0,3,0,0,0,0,0,0,0,0,0,0,0,0,0,0,0,0,0,0,0,0,0,0,0,0,0,0,0,0,0,286,0,0,5,0,0,14,14,14,0
0,0,0,0,0,0,0,0,,0,"Tue, 17 May 2016 17:48:00 +0900",0,0,0,0,3,0,0,0,0,0,0,0,0,0,0,0,0,0,0,0,0,0,0,0,0,0,0,0,0,0,0,0,0,0,285,0,0,5,0,0,14,14,14,0
0,0,0,0,0,0,0,0,,0,"Tue, 17 May 2016 17:49:00 +0900",0,0,0,0,3,0,0,0,0,0,0,0,0,0,0,0,0,0,0,0,0,0,0,0,0,0,0,0,0,0,0,0,0,0,284,0,0,5,0,0,14,14,14,0
0,0,0,0,0,0,0,0,,0,"Tue, 17 May 2016 17:50:00 +0900",0,0,0,0,3,0,0,0,0,0,0,0,0,0,0,0,0,0,0,0,0,0,0,0,0,0,0,0,0,0,0,0,0,0,283,0,0,5,0,0,14,14,14,0
0,0,0,0,0,0,0,0,,0,"Tue, 17 May 2016 17:51:00 +0900",0,0,0,0,3,0,0,0,0,0,0,0,0,0,0,0,0,0,0,0,0,0,0,0,0,0,0,0,0,0,0,0,0,0,282,0,0,5,0,0,14,14,14,0
0,0,0,0,0,0,0,0,,0,"Tue, 17 May 2016 17:52:00 +0900",0,0,0,0,3,0,0,0,0,0,0,0,0,0,0,0,0,0,0,0,0,0,0,0,0,0,0,0,0,0,0,0,0,0,281,0,0,5,0,0,14,14,14,0
0,0,0,0,0,0,0,0,,0,"Tue, 17 May 2016 17:53:00 +0900",0,0,0,0,3,0,0,0,0,0,0,0,0,0,0,0,0,0,0,0,0,0,0,0,0,0,0,0,0,0,0,0,0,0,280,0,0,5,0,0,14,14,14,0
0,0,0,0,0,0,0,0,,0,"Tue, 17 May 2016 17:54:00 +0900",0,0,0,0,3,0,0,0,0,0,0,0,0,0,0,0,0,0,0,0,0,0,0,0,0,0,0,0,0,0,0,0,0,0,279,0,0,5,0,0,14,14,14,0
0,0,0,0,0,0,0,0,,0,"Tue, 17 May 2016 17:55:00 +0900",0,0,0,0,3,0,0,0,0,0,0,0,0,0,0,0,0,0,0,0,0,0,0,0,0,0,0,0,0,0,0,0,0,0,278,0,0,5,0,0,14,14,14,0
0,0,0,0,0,0,0,0,,0,"Tue, 17 May 2016 17:56:00 +0900",0,0,0,0,3,0,0,0,0,0,0,0,0,0,0,0,0,0,0,0,0,0,0,0,0,0,0,0,0,0,0,0,0,0,277,0,0,5,0,0,14,14,14,0
0,0,0,0,0,0,0,0,,0,"Tue, 17 May 2016 17:57:00 +0900",0,0,0,0,3,0,0,0,0,0,0,0,0,0,0,0,0,0,0,0,0,0,0,0,0,0,0,0,0,0,0,0,0,0,276,0,0,5,0,0,14,14,14,0
0,0,0,0,0,0,0,0,,0,"Tue, 17 May 2016 17:58:00 +0900",0,0,0,0,3,0,0,0,0,0,0,0,0,0,0,0,0,0,0,0,0,0,0,0,0,0,0,0,0,0,0,0,0,0,275,0,0,5,0,0,14,14,14,0
0,0,0,0,0,0,0,0,,0,"Tue, 17 May 2016 17:59:00 +0900",0,0,0,0,3,0,0,0,0,0,0,0,0,0,0,0,0,0,0,0,0,0,0,0,0,0,0,0,0,0,0,0,0,0,274,0,0,5,0,0,14,14,14,0
0,0,0,0,0,0,0,0,,0,"Tue, 17 May 2016 18:00:00 +0900",0,0,0,0,3,0,0,0,0,0,0,0,0,0,0,0,0,0,0,0,0,0,0,0,0,0,0,0,0,0,0,0,0,0,273,0,0,5,0,0,14,14,14,0
0,0,0,0,0,0,0,0,,0,"Tue, 17 May 2016 18:01:00 +0900",0,0,0,0,3,0,0,0,0,0,0,0,0,0,0,0,0,0,0,0,0,0,0,0,0,0,0,0,0,0,0,0,0,0,272,0,0,5,0,0,14,14,14,0
0,0,0,0,0,0,0,0,,0,"Tue, 17 May 2016 18:02:00 +0900",0,0,0,0,3,0,0,0,0,0,0,0,0,0,0,0,0,0,0,0,0,0,0,0,0,0,0,0,0,0,0,0,0,0,271,0,0,5,0,0,14,14,14,0
0,0,0,0,0,0,0,0,,0,"Tue, 17 May 2016 18:03:00 +0900",0,0,0,0,3,0,0,0,0,0,0,0,0,0,0,0,0,0,0,0,0,0,0,0,0,0,0,0,0,0,0,0,0,0,270,0,0,5,0,0,14,14,14,0
0,0,0,0,0,0,0,0,,0,"Tue, 17 May 2016 18:04:00 +0900",0,0,0,0,3,0,0,0,0,0,0,0,0,0,0,0,0,0,0,0,0,0,0,0,0,0,0,0,0,0,0,0,0,0,269,0,0,5,0,0,14,14,14,0
0,0,0,0,0,0,0,0,,0,"Tue, 17 May 2016 18:05:00 +0900",0,0,0,0,3,0,0,0,0,0,0,0,0,0,0,0,0,0,0,0,0,0,0,0,0,0,0,0,0,0,0,0,0,0,268,0,0,5,0,0,14,14,14,0
0,0,0,0,0,0,0,0,,0,"Tue, 17 May 2016 18:06:00 +0900",0,0,0,0,3,0,0,0,0,0,0,0,0,0,0,0,0,0,0,0,0,0,0,0,0,0,0,0,0,0,0,0,0,0,267,0,0,5,0,0,14,14,14,0
0,0,0,0,0,0,0,0,,0,"Tue, 17 May 2016 18:07:00 +0900",0,0,0,0,3,0,0,0,0,0,0,0,0,0,0,0,0,0,0,0,0,0,0,0,0,0,0,0,0,0,0,0,0,0,266,0,0,5,0,0,14,14,14,0
0,0,0,0,0,0,0,0,,0,"Tue, 17 May 2016 18:08:00 +0900",0,0,0,0,3,0,0,0,0,0,0,0,0,0,0,0,0,0,0,0,0,0,0,0,0,0,0,0,0,0,0,0,0,0,265,0,0,5,0,0,14,14,14,0
0,0,0,0,0,0,0,0,,0,"Tue, 17 May 2016 18:09:00 +0900",0,0,0,0,3,0,0,0,0,0,0,0,0,0,0,0,0,0,0,0,0,0,0,0,0,0,0,0,0,0,0,0,0,0,264,0,0,5,0,0,14,14,14,0
